26-4-2019 10:26:58,25.6
26-4-2019 10:27:0,26.0
26-4-2019 10:27:2,25.9
26-4-2019 10:27:5,25.9
26-4-2019 10:27:7,26.1
26-4-2019 10:27:9,25.7
26-4-2019 10:27:11,25.6
26-4-2019 10:27:14,25.9
26-4-2019 10:27:16,26.1
26-4-2019 10:27:18,25.6
26-4-2019 10:27:20,25.5
26-4-2019 10:27:23,26.1
26-4-2019 10:27:25,25.8
26-4-2019 10:27:27,26.1
26-4-2019 10:27:30,26.0
26-4-2019 10:27:32,26.2
26-4-2019 10:27:34,25.9
26-4-2019 10:27:36,26.2
26-4-2019 10:27:39,25.8
26-4-2019 10:27:41,26.2
26-4-2019 10:27:43,26.3
26-4-2019 10:27:46,25.7
26-4-2019 10:27:48,26.1
26-4-2019 10:27:50,25.8
26-4-2019 10:27:52,26.2
26-4-2019 10:27:55,26.3
26-4-2019 10:27:57,25.9
26-4-2019 10:27:59,25.5
26-4-2019 10:28:2,25.9
26-4-2019 10:28:4,25.8
26-4-2019 10:28:6,25.8
26-4-2019 10:28:8,25.8
26-4-2019 10:28:11,26.0
26-4-2019 10:28:13,25.9
26-4-2019 10:28:15,26.1
26-4-2019 10:28:18,25.6
26-4-2019 10:28:20,26.1
26-4-2019 10:28:22,25.7
26-4-2019 10:28:24,26.1
26-4-2019 10:28:27,26.0
26-4-2019 10:28:29,25.8
26-4-2019 10:28:31,25.7
26-4-2019 10:28:33,25.4
26-4-2019 10:28:36,26.0
26-4-2019 10:28:38,26.0
26-4-2019 10:28:40,25.8
26-4-2019 10:28:43,25.8
26-4-2019 10:28:45,25.5
26-4-2019 10:28:47,26.0
26-4-2019 10:28:49,25.6
26-4-2019 10:28:52,26.0
26-4-2019 10:28:54,26.0
26-4-2019 10:28:56,26.1
26-4-2019 10:28:59,25.9
26-4-2019 10:29:1,25.7
26-4-2019 10:29:3,26.0
26-4-2019 10:29:5,26.1
26-4-2019 10:29:8,26.2
26-4-2019 10:29:10,25.8
26-4-2019 10:29:12,25.8
26-4-2019 10:29:15,25.9
26-4-2019 10:29:17,26.0
26-4-2019 10:29:19,26.0
26-4-2019 10:29:21,26.0
26-4-2019 10:29:24,26.2
26-4-2019 10:29:26,25.9
26-4-2019 10:29:28,26.2
26-4-2019 10:29:30,25.8
26-4-2019 10:29:33,26.0
26-4-2019 10:29:35,25.7
26-4-2019 10:29:37,25.8
26-4-2019 10:29:40,26.0
26-4-2019 10:29:42,25.9
26-4-2019 10:29:44,25.8
26-4-2019 10:29:46,25.7
26-4-2019 10:29:49,25.9
26-4-2019 10:29:51,25.8
26-4-2019 10:29:53,25.8
26-4-2019 10:29:56,26.0
26-4-2019 10:29:58,25.6
26-4-2019 10:30:0,25.9
26-4-2019 10:30:2,26.4
26-4-2019 10:30:5,25.8
26-4-2019 10:30:7,25.8
26-4-2019 10:30:9,25.7
26-4-2019 10:30:12,26.0
26-4-2019 10:30:14,25.8
26-4-2019 10:30:16,26.2
26-4-2019 10:30:18,25.8
26-4-2019 10:30:21,26.2
26-4-2019 10:30:23,25.7
26-4-2019 10:30:25,26.4
26-4-2019 10:30:28,25.6
26-4-2019 10:30:30,25.9
26-4-2019 10:30:32,26.0
26-4-2019 10:30:34,25.5
26-4-2019 10:30:37,26.0
26-4-2019 10:30:39,25.7
26-4-2019 10:30:41,26.1
26-4-2019 10:30:43,26.1
26-4-2019 10:30:46,25.9
26-4-2019 10:30:48,26.2
26-4-2019 10:30:50,26.0
26-4-2019 10:30:53,25.8
26-4-2019 10:30:55,25.6
26-4-2019 10:30:57,26.0
26-4-2019 10:30:59,25.8
26-4-2019 10:31:2,26.1
26-4-2019 10:31:4,26.1
26-4-2019 10:31:6,26.1
26-4-2019 10:31:9,26.5
26-4-2019 10:31:11,25.8
26-4-2019 10:31:13,26.0
26-4-2019 10:31:15,26.1
26-4-2019 10:31:18,25.7
26-4-2019 10:31:20,25.8
26-4-2019 10:31:22,25.8
26-4-2019 10:31:25,26.2
26-4-2019 10:31:27,25.7
26-4-2019 10:31:29,26.0
26-4-2019 10:31:31,26.2
26-4-2019 10:31:34,26.1
26-4-2019 10:31:36,26.0
26-4-2019 10:31:38,26.0
26-4-2019 10:31:41,25.8
26-4-2019 10:31:43,25.7
26-4-2019 10:31:45,25.8
26-4-2019 10:31:47,26.2
26-4-2019 10:31:50,26.0
26-4-2019 10:31:52,25.9
26-4-2019 10:31:54,25.9
26-4-2019 10:31:57,26.2
26-4-2019 10:31:59,26.2
26-4-2019 10:32:1,25.9
26-4-2019 10:32:3,26.0
26-4-2019 10:32:6,26.0
26-4-2019 10:32:8,26.3
26-4-2019 10:32:10,25.8
26-4-2019 10:32:13,26.2
26-4-2019 10:32:15,26.1
26-4-2019 10:32:17,26.0
26-4-2019 10:32:19,25.7
26-4-2019 10:32:22,26.1
26-4-2019 10:32:24,25.7
26-4-2019 10:32:26,25.8
26-4-2019 10:32:28,25.9
26-4-2019 10:32:31,26.0
26-4-2019 10:32:33,26.0
26-4-2019 10:32:35,25.7
26-4-2019 10:32:38,26.0
26-4-2019 10:32:40,26.3
26-4-2019 10:32:42,26.0
26-4-2019 10:32:44,26.0
26-4-2019 10:32:47,25.9
26-4-2019 10:32:49,26.0
26-4-2019 10:32:51,26.2
26-4-2019 10:32:54,25.8
26-4-2019 10:32:56,25.9
26-4-2019 10:32:58,26.0
26-4-2019 10:33:0,25.7
26-4-2019 10:33:3,26.0
26-4-2019 10:33:5,26.0
26-4-2019 10:33:7,25.7
26-4-2019 10:33:10,26.1
26-4-2019 10:33:12,26.0
26-4-2019 10:33:14,25.9
26-4-2019 10:33:16,25.8
26-4-2019 10:33:19,26.6
26-4-2019 10:33:21,25.9
26-4-2019 10:33:23,25.9
26-4-2019 10:33:26,26.0
26-4-2019 10:33:28,25.7
26-4-2019 10:33:30,25.9
26-4-2019 10:33:32,25.9
26-4-2019 10:33:35,26.0
26-4-2019 10:33:37,26.1
26-4-2019 10:33:39,25.9
26-4-2019 10:33:41,25.7
26-4-2019 10:33:44,26.0
26-4-2019 10:33:46,26.1
26-4-2019 10:33:48,26.0
26-4-2019 10:33:51,25.5
26-4-2019 10:33:53,26.0
26-4-2019 10:33:55,25.7
26-4-2019 10:33:57,26.1
26-4-2019 10:34:0,26.2
26-4-2019 10:34:2,26.2
26-4-2019 10:34:4,25.9
26-4-2019 10:34:7,26.1
26-4-2019 10:34:9,25.8
26-4-2019 10:34:11,25.9
26-4-2019 10:34:13,26.0
26-4-2019 10:34:16,25.7
26-4-2019 10:34:18,26.0
26-4-2019 10:34:20,26.0
26-4-2019 10:34:23,25.9
26-4-2019 10:34:25,26.0
26-4-2019 10:34:27,25.6
26-4-2019 10:34:29,25.9
26-4-2019 10:34:32,26.2
26-4-2019 10:34:34,26.0
26-4-2019 10:34:36,25.9
26-4-2019 10:34:39,25.8
26-4-2019 10:34:41,25.9
26-4-2019 10:34:43,26.1
26-4-2019 10:34:45,25.8
26-4-2019 10:34:48,26.0
26-4-2019 10:34:50,26.0
26-4-2019 10:34:52,26.1
26-4-2019 10:34:54,25.8
26-4-2019 10:34:57,26.3
26-4-2019 10:34:59,25.9
26-4-2019 10:35:1,26.2
26-4-2019 10:35:4,26.1
26-4-2019 10:35:6,25.8
26-4-2019 10:35:8,26.1
26-4-2019 10:35:10,25.8
26-4-2019 10:35:13,25.9
26-4-2019 10:35:15,25.8
26-4-2019 10:35:17,25.9
26-4-2019 10:35:20,25.8
26-4-2019 10:35:22,25.5
26-4-2019 10:35:24,26.2
26-4-2019 10:35:26,25.8
26-4-2019 10:35:29,25.7
26-4-2019 10:35:31,26.0
26-4-2019 10:35:33,25.9
26-4-2019 10:35:36,26.2
26-4-2019 10:35:38,25.7
26-4-2019 10:35:40,26.2
26-4-2019 10:35:42,26.3
26-4-2019 10:35:45,25.9
26-4-2019 10:35:47,26.0
26-4-2019 10:35:49,26.2
26-4-2019 10:35:52,26.1
26-4-2019 10:35:54,25.9
26-4-2019 10:35:56,25.7
26-4-2019 10:35:58,26.1
26-4-2019 10:36:1,26.2
26-4-2019 10:36:3,25.8
26-4-2019 10:36:5,26.2
26-4-2019 10:36:7,25.8
26-4-2019 10:36:10,25.9
26-4-2019 10:36:12,26.2
26-4-2019 10:36:14,26.0
26-4-2019 10:36:17,25.6
26-4-2019 10:36:19,25.9
26-4-2019 10:36:21,25.9
26-4-2019 10:36:23,26.2
26-4-2019 10:36:26,26.1
26-4-2019 10:36:28,25.3
26-4-2019 10:36:30,26.2
26-4-2019 10:36:33,25.8
26-4-2019 10:36:35,26.2
26-4-2019 10:36:37,25.8
26-4-2019 10:36:39,26.2
26-4-2019 10:36:42,26.0
26-4-2019 10:36:44,26.0
26-4-2019 10:36:46,25.9
26-4-2019 10:36:49,25.9
26-4-2019 10:36:51,26.6
26-4-2019 10:36:53,26.3
26-4-2019 10:36:55,25.8
26-4-2019 10:36:58,25.6
26-4-2019 10:37:0,25.8
26-4-2019 10:37:2,25.9
26-4-2019 10:37:5,25.8
26-4-2019 10:37:7,25.8
26-4-2019 10:37:9,26.0
26-4-2019 10:37:11,25.9
26-4-2019 10:37:14,26.2
26-4-2019 10:37:16,25.6
26-4-2019 10:37:18,25.7
26-4-2019 10:37:21,25.9
26-4-2019 10:37:23,26.2
26-4-2019 10:37:25,26.2
26-4-2019 10:37:27,26.3
26-4-2019 10:37:30,26.0
26-4-2019 10:37:32,26.0
26-4-2019 10:37:34,25.8
26-4-2019 10:37:36,26.1
26-4-2019 10:37:39,25.5
26-4-2019 10:37:41,26.2
26-4-2019 10:37:43,26.2
26-4-2019 10:37:46,26.0
26-4-2019 10:37:48,25.8
26-4-2019 10:37:50,25.9
26-4-2019 10:37:52,25.8
26-4-2019 10:37:55,25.7
26-4-2019 10:37:57,25.8
26-4-2019 10:37:59,26.0
26-4-2019 10:38:2,26.3
26-4-2019 10:38:4,25.9
26-4-2019 10:38:6,26.0
26-4-2019 10:38:8,25.8
26-4-2019 10:38:11,25.9
26-4-2019 10:38:13,25.6
26-4-2019 10:38:15,25.7
26-4-2019 10:38:18,25.9
26-4-2019 10:38:20,25.9
26-4-2019 10:38:22,25.9
26-4-2019 10:38:24,26.1
26-4-2019 10:38:27,26.0
26-4-2019 10:38:29,25.9
26-4-2019 10:38:31,26.2
26-4-2019 10:38:34,26.0
26-4-2019 10:38:36,25.9
26-4-2019 10:38:38,25.6
26-4-2019 10:38:40,25.6
26-4-2019 10:38:43,26.2
26-4-2019 10:38:45,25.8
26-4-2019 10:38:47,26.2
26-4-2019 10:38:49,25.8
26-4-2019 10:38:52,25.7
26-4-2019 10:38:54,25.7
26-4-2019 10:38:56,26.1
26-4-2019 10:38:59,25.9
26-4-2019 10:39:1,25.7
26-4-2019 10:39:3,26.1
26-4-2019 10:39:5,26.0
26-4-2019 10:39:8,25.9
26-4-2019 10:39:10,25.9
26-4-2019 10:39:12,25.8
26-4-2019 10:39:15,25.8
26-4-2019 10:39:17,25.8
26-4-2019 10:39:19,25.8
26-4-2019 10:39:21,25.8
26-4-2019 10:39:24,26.0
26-4-2019 10:39:26,25.3
26-4-2019 10:39:28,26.1
26-4-2019 10:39:31,25.9
26-4-2019 10:39:33,25.8
26-4-2019 10:39:35,26.0
26-4-2019 10:39:37,26.0
26-4-2019 10:39:40,26.0
26-4-2019 10:39:42,25.7
26-4-2019 10:39:44,26.0
26-4-2019 10:39:46,25.9
26-4-2019 10:39:49,25.7
26-4-2019 10:39:51,26.0
26-4-2019 10:39:53,25.8
26-4-2019 10:39:56,26.2
26-4-2019 10:39:58,25.7
26-4-2019 10:40:0,25.9
26-4-2019 10:40:2,26.1
26-4-2019 10:40:5,26.0
26-4-2019 10:40:7,25.8
26-4-2019 10:40:9,26.0
26-4-2019 10:40:12,25.7
26-4-2019 10:40:14,25.7
26-4-2019 10:40:16,25.7
26-4-2019 10:40:18,25.9
26-4-2019 10:40:21,25.8
26-4-2019 10:40:23,25.8
26-4-2019 10:40:25,25.8
26-4-2019 10:40:28,25.9
26-4-2019 10:40:30,25.8
26-4-2019 10:40:32,26.0
26-4-2019 10:40:34,25.8
26-4-2019 10:40:37,25.9
26-4-2019 10:40:39,25.8
26-4-2019 10:40:41,26.2
26-4-2019 10:40:43,25.6
26-4-2019 10:40:46,25.9
26-4-2019 10:40:48,25.6
26-4-2019 10:40:50,26.0
26-4-2019 10:40:53,25.7
26-4-2019 10:40:55,25.9
26-4-2019 10:40:57,25.6
26-4-2019 10:40:59,26.2
26-4-2019 10:41:2,26.2
26-4-2019 10:41:4,26.1
26-4-2019 10:41:6,26.1
26-4-2019 10:41:9,26.0
26-4-2019 10:41:11,26.0
26-4-2019 10:41:13,25.9
26-4-2019 10:41:15,26.0
26-4-2019 10:41:18,26.0
26-4-2019 10:41:20,26.0
26-4-2019 10:41:22,26.0
26-4-2019 10:41:25,26.0
26-4-2019 10:41:27,25.9
26-4-2019 10:41:29,25.9
26-4-2019 10:41:31,25.8
26-4-2019 10:41:34,25.9
26-4-2019 10:41:36,25.9
26-4-2019 10:41:38,26.4
26-4-2019 10:41:40,26.0
26-4-2019 10:41:43,25.6
26-4-2019 10:41:45,25.6
26-4-2019 10:41:47,25.7
26-4-2019 10:41:50,25.9
26-4-2019 10:41:52,25.7
26-4-2019 10:41:54,26.0
26-4-2019 10:41:56,26.2
26-4-2019 10:41:59,25.9
26-4-2019 10:42:1,26.1
26-4-2019 10:42:3,25.9
26-4-2019 10:42:6,25.8
26-4-2019 10:42:8,25.9
26-4-2019 10:42:10,25.7
26-4-2019 10:42:12,26.0
26-4-2019 10:42:15,26.0
26-4-2019 10:42:17,25.9
26-4-2019 10:42:19,26.0
26-4-2019 10:42:22,25.9
26-4-2019 10:42:24,25.9
26-4-2019 10:42:26,25.9
26-4-2019 10:42:28,26.0
26-4-2019 10:42:31,26.0
26-4-2019 10:42:33,26.1
26-4-2019 10:42:35,25.9
26-4-2019 10:42:38,25.8
26-4-2019 10:42:40,26.3
26-4-2019 10:42:42,26.2
26-4-2019 10:42:44,25.9
26-4-2019 10:42:47,25.9
26-4-2019 10:42:49,26.1
26-4-2019 10:42:51,25.8
26-4-2019 10:42:53,25.8
26-4-2019 10:42:56,25.9
26-4-2019 10:42:58,25.9
26-4-2019 10:43:0,26.1
26-4-2019 10:43:3,26.3
26-4-2019 10:43:5,26.0
26-4-2019 10:43:7,25.9
26-4-2019 10:43:9,25.7
26-4-2019 10:43:12,26.3
26-4-2019 10:43:14,25.8
26-4-2019 10:43:16,25.8
26-4-2019 10:43:19,26.0
26-4-2019 10:43:21,26.0
26-4-2019 10:43:23,26.0
26-4-2019 10:43:25,25.9
26-4-2019 10:43:28,25.8
26-4-2019 10:43:30,26.1
26-4-2019 10:43:32,25.9
26-4-2019 10:43:35,26.0
26-4-2019 10:43:37,25.9
26-4-2019 10:43:39,26.1
26-4-2019 10:43:41,25.9
26-4-2019 10:43:44,26.0
26-4-2019 10:43:46,26.2
26-4-2019 10:43:48,25.9
26-4-2019 10:43:51,26.1
26-4-2019 10:43:53,25.7
26-4-2019 10:43:55,26.0
26-4-2019 10:43:57,25.9
26-4-2019 10:44:0,25.8
26-4-2019 10:44:2,25.5
26-4-2019 10:44:4,26.1
26-4-2019 10:44:6,25.7
26-4-2019 10:44:9,25.9
26-4-2019 10:44:11,26.1
26-4-2019 10:44:13,25.9
26-4-2019 10:44:16,25.8
26-4-2019 10:44:18,25.9
26-4-2019 10:44:20,25.9
26-4-2019 10:44:22,25.9
26-4-2019 10:44:25,26.1
26-4-2019 10:44:27,26.2
26-4-2019 10:44:29,26.0
26-4-2019 10:44:32,25.9
26-4-2019 10:44:34,26.2
26-4-2019 10:44:36,25.8
26-4-2019 10:44:38,25.9
26-4-2019 10:44:41,25.7
26-4-2019 10:44:43,26.0
26-4-2019 10:44:45,26.1
26-4-2019 10:44:48,26.1
26-4-2019 10:44:50,26.0
26-4-2019 10:44:52,25.7
26-4-2019 10:44:54,25.9
26-4-2019 10:44:57,25.6
26-4-2019 10:44:59,25.9
26-4-2019 10:45:1,25.8
26-4-2019 10:45:4,25.9
26-4-2019 10:45:6,25.5
26-4-2019 10:45:8,26.0
26-4-2019 10:45:10,25.9
26-4-2019 10:45:13,25.8
26-4-2019 10:45:15,25.6
26-4-2019 10:45:17,25.8
26-4-2019 10:45:19,26.5
26-4-2019 10:45:22,26.1
26-4-2019 10:45:24,25.8
26-4-2019 10:45:26,26.1
26-4-2019 10:45:29,26.2
26-4-2019 10:45:31,25.9
26-4-2019 10:45:33,26.0
26-4-2019 10:45:35,26.0
26-4-2019 10:45:38,26.2
26-4-2019 10:45:40,25.9
26-4-2019 10:45:42,26.0
26-4-2019 10:45:45,25.6
26-4-2019 10:45:47,26.0
26-4-2019 10:45:49,26.1
26-4-2019 10:45:51,25.6
26-4-2019 10:45:54,26.1
26-4-2019 10:45:56,25.9
26-4-2019 10:45:58,26.1
26-4-2019 10:46:1,26.1
26-4-2019 10:46:3,26.4
26-4-2019 10:46:5,25.6
26-4-2019 10:46:7,26.3
26-4-2019 10:46:10,25.9
26-4-2019 10:46:12,25.7
26-4-2019 10:46:14,26.1
26-4-2019 10:46:17,26.1
26-4-2019 10:46:19,25.8
26-4-2019 10:46:21,26.0
26-4-2019 10:46:23,26.0
26-4-2019 10:46:26,25.7
26-4-2019 10:46:28,26.1
26-4-2019 10:46:30,26.4
26-4-2019 10:46:33,25.8
26-4-2019 10:46:35,25.9
26-4-2019 10:46:37,26.0
26-4-2019 10:46:39,25.5
26-4-2019 10:46:42,25.9
26-4-2019 10:46:44,26.1
26-4-2019 10:46:46,25.9
26-4-2019 10:46:49,26.0
26-4-2019 10:46:51,25.7
26-4-2019 10:46:53,25.9
26-4-2019 10:46:55,26.0
26-4-2019 10:46:58,25.9
26-4-2019 10:47:0,26.2
26-4-2019 10:47:2,25.8
26-4-2019 10:47:4,25.9
26-4-2019 10:47:7,25.8
26-4-2019 10:47:9,26.0
26-4-2019 10:47:11,26.0
26-4-2019 10:47:14,26.3
26-4-2019 10:47:16,25.7
26-4-2019 10:47:18,25.9
26-4-2019 10:47:20,25.9
26-4-2019 10:47:23,26.3
26-4-2019 10:47:25,25.8
26-4-2019 10:47:27,25.9
26-4-2019 10:47:30,25.7
26-4-2019 10:47:32,26.1
26-4-2019 10:47:34,26.0
26-4-2019 10:47:36,26.3
26-4-2019 10:47:39,26.0
26-4-2019 10:47:41,26.0
26-4-2019 10:47:43,26.3
26-4-2019 10:47:46,26.0
26-4-2019 10:47:48,26.0
26-4-2019 10:47:50,26.1
26-4-2019 10:47:52,26.0
26-4-2019 10:47:55,25.7
26-4-2019 10:47:57,25.9
26-4-2019 10:47:59,25.8
26-4-2019 10:48:2,26.2
26-4-2019 10:48:4,25.7
26-4-2019 10:48:6,25.8
26-4-2019 10:48:8,25.8
26-4-2019 10:48:11,26.2
26-4-2019 10:48:13,26.0
26-4-2019 10:48:15,25.8
26-4-2019 10:48:18,25.9
26-4-2019 10:48:20,26.0
26-4-2019 10:48:22,25.7
26-4-2019 10:48:24,26.0
26-4-2019 10:48:27,26.0
26-4-2019 10:48:29,25.8
26-4-2019 10:48:31,25.7
26-4-2019 10:48:34,26.0
26-4-2019 10:48:36,25.8
26-4-2019 10:48:38,26.0
26-4-2019 10:48:40,26.0
26-4-2019 10:48:43,25.8
26-4-2019 10:48:45,26.1
26-4-2019 10:48:47,26.1
26-4-2019 10:48:50,26.1
26-4-2019 10:48:52,25.9
26-4-2019 10:48:54,26.0
26-4-2019 10:48:56,25.9
26-4-2019 10:48:59,26.2
26-4-2019 10:49:1,26.2
26-4-2019 10:49:3,25.8
26-4-2019 10:49:6,26.0
26-4-2019 10:49:8,25.7
26-4-2019 10:49:10,26.2
26-4-2019 10:49:12,25.8
26-4-2019 10:49:15,26.1
26-4-2019 10:49:17,25.9
26-4-2019 10:49:19,25.9
26-4-2019 10:49:21,25.9
26-4-2019 10:49:24,26.1
26-4-2019 10:49:26,25.8
26-4-2019 10:49:28,25.9
26-4-2019 10:49:31,25.8
26-4-2019 10:49:33,26.2
26-4-2019 10:49:35,25.8
26-4-2019 10:49:37,26.0
26-4-2019 10:49:40,26.0
26-4-2019 10:49:42,26.2
26-4-2019 10:49:44,25.9
26-4-2019 10:49:47,25.8
26-4-2019 10:49:49,25.7
26-4-2019 10:49:51,26.0
26-4-2019 10:49:53,25.7
26-4-2019 10:49:56,26.1
26-4-2019 10:49:58,25.8
26-4-2019 10:50:0,25.9
26-4-2019 10:50:3,25.9
26-4-2019 10:50:5,26.1
26-4-2019 10:50:7,26.0
26-4-2019 10:50:9,25.9
26-4-2019 10:50:12,26.1
26-4-2019 10:50:14,26.0
26-4-2019 10:50:16,25.9
26-4-2019 10:50:19,26.1
26-4-2019 10:50:21,26.0
26-4-2019 10:50:23,25.9
26-4-2019 10:50:25,26.3
26-4-2019 10:50:28,26.3
26-4-2019 10:50:30,26.0
26-4-2019 10:50:32,26.1
26-4-2019 10:50:35,26.1
26-4-2019 10:50:37,26.2
26-4-2019 10:50:39,26.0
26-4-2019 10:50:41,26.0
26-4-2019 10:50:44,26.3
26-4-2019 10:50:46,26.1
26-4-2019 10:50:48,25.8
26-4-2019 10:50:51,25.9
26-4-2019 10:50:53,25.9
26-4-2019 10:50:55,26.2
26-4-2019 10:50:57,26.1
26-4-2019 10:51:0,26.0
26-4-2019 10:51:2,25.9
26-4-2019 10:51:4,25.9
26-4-2019 10:51:7,26.0
26-4-2019 10:51:9,26.0
26-4-2019 10:51:11,25.9
26-4-2019 10:51:13,25.8
26-4-2019 10:51:16,26.0
26-4-2019 10:51:18,25.8
26-4-2019 10:51:20,26.0
26-4-2019 10:51:23,26.1
26-4-2019 10:51:25,26.3
26-4-2019 10:51:27,25.9
26-4-2019 10:51:29,25.8
26-4-2019 10:51:32,26.0
26-4-2019 10:51:34,25.9
26-4-2019 10:51:36,26.1
26-4-2019 10:51:39,26.1
26-4-2019 10:51:41,26.3
26-4-2019 10:51:43,26.1
26-4-2019 10:51:45,26.1
26-4-2019 10:51:48,26.0
26-4-2019 10:51:50,26.4
26-4-2019 10:51:52,26.1
26-4-2019 10:51:55,25.9
26-4-2019 10:51:57,25.9
26-4-2019 10:51:59,26.1
26-4-2019 10:52:1,26.2
26-4-2019 10:52:4,25.7
26-4-2019 10:52:6,25.8
26-4-2019 10:52:8,25.8
26-4-2019 10:52:11,26.6
26-4-2019 10:52:13,25.6
26-4-2019 10:52:15,26.0
26-4-2019 10:52:17,25.8
26-4-2019 10:52:20,-114.5
26-4-2019 10:52:22,-32.7
26-4-2019 10:52:24,5.1
26-4-2019 10:52:27,26.2
26-4-2019 10:52:29,25.7
26-4-2019 10:52:31,-114.6
26-4-2019 10:52:33,-114.9
26-4-2019 10:52:36,-115.3
26-4-2019 10:52:38,-114.6
26-4-2019 10:52:40,-114.8
26-4-2019 10:52:43,-115.4
26-4-2019 10:52:45,-114.4
26-4-2019 10:52:47,-114.7
26-4-2019 10:52:49,-115.3
26-4-2019 10:52:52,-114.7
26-4-2019 10:52:54,-115.0
26-4-2019 10:52:56,-114.8
26-4-2019 10:52:59,-114.8
26-4-2019 10:53:1,-114.7
26-4-2019 10:53:3,-114.8
26-4-2019 10:53:5,-114.6
26-4-2019 10:53:8,-114.5
26-4-2019 10:53:10,-114.6
26-4-2019 10:53:12,-114.9
26-4-2019 10:53:15,-114.8
26-4-2019 10:53:17,-114.7
26-4-2019 10:53:19,-114.8
26-4-2019 10:53:21,-114.6
26-4-2019 10:53:24,-114.6
26-4-2019 10:53:26,-114.7
26-4-2019 10:53:28,-114.7
26-4-2019 10:53:31,-114.8
26-4-2019 10:53:33,-114.6
26-4-2019 10:53:35,-114.5
26-4-2019 10:53:37,-114.8
26-4-2019 10:53:40,-114.7
26-4-2019 10:53:42,-114.6
26-4-2019 10:53:44,-114.9
26-4-2019 10:53:46,-114.7
26-4-2019 10:53:49,-114.5
26-4-2019 10:53:51,-114.7
26-4-2019 10:53:53,-114.6
26-4-2019 10:53:56,-114.7
26-4-2019 10:53:58,-115.0
26-4-2019 10:54:0,-114.6
26-4-2019 10:54:2,-114.8
26-4-2019 10:54:5,-114.8
26-4-2019 10:54:7,-114.8
26-4-2019 10:54:9,-114.9
26-4-2019 10:54:12,-114.7
26-4-2019 10:54:14,-114.8
26-4-2019 10:54:16,-114.8
26-4-2019 10:54:18,-114.8
26-4-2019 10:54:21,-114.7
26-4-2019 10:54:23,-114.3
26-4-2019 10:54:25,-114.9
26-4-2019 10:54:28,-114.6
26-4-2019 10:54:30,-114.7
26-4-2019 10:54:32,-115.0
26-4-2019 10:54:34,-114.6
26-4-2019 10:54:37,-114.3
26-4-2019 10:54:39,-114.7
26-4-2019 10:54:41,-114.5
26-4-2019 10:54:44,-114.6
26-4-2019 10:54:46,-114.9
26-4-2019 10:54:48,-114.9
26-4-2019 10:54:50,-115.1
26-4-2019 10:54:53,-114.7
26-4-2019 10:54:55,-114.6
26-4-2019 10:54:57,-114.8
26-4-2019 10:55:0,-114.6
26-4-2019 10:55:2,-114.7
26-4-2019 10:55:4,-114.8
26-4-2019 10:55:6,-114.6
26-4-2019 10:55:9,-114.7
26-4-2019 10:55:11,-114.7
26-4-2019 10:55:13,-114.8
26-4-2019 10:55:16,-114.6
26-4-2019 10:55:18,-114.9
26-4-2019 10:55:20,-114.7
26-4-2019 10:55:22,-114.8
26-4-2019 10:55:25,-114.7
26-4-2019 10:55:27,-114.8
26-4-2019 10:55:29,-114.8
26-4-2019 10:55:32,-114.7
26-4-2019 10:55:34,-114.7
26-4-2019 10:55:36,-114.7
26-4-2019 10:55:38,-114.6
26-4-2019 10:55:41,-114.6
26-4-2019 10:55:43,-114.7
26-4-2019 10:55:45,-114.8
26-4-2019 10:55:48,-114.8
26-4-2019 10:55:50,-114.8
26-4-2019 10:55:52,-114.5
26-4-2019 10:55:54,-114.7
26-4-2019 10:55:57,-114.6
26-4-2019 10:55:59,-114.5
26-4-2019 10:56:1,-114.7
26-4-2019 10:56:3,-114.9
26-4-2019 10:56:6,-114.9
26-4-2019 10:56:8,-114.9
26-4-2019 10:56:10,-114.5
26-4-2019 10:56:13,-114.7
26-4-2019 10:56:15,-114.9
26-4-2019 10:56:17,-114.5
26-4-2019 10:56:19,-114.6
26-4-2019 10:56:22,-114.7
26-4-2019 10:56:24,-114.7
26-4-2019 10:56:26,-114.6
26-4-2019 10:56:29,-115.0
26-4-2019 10:56:31,-114.7
26-4-2019 10:56:33,-114.6
26-4-2019 10:56:35,-114.8
26-4-2019 10:56:38,-114.6
26-4-2019 10:56:40,-114.8
26-4-2019 10:56:42,-114.4
26-4-2019 10:56:45,-114.8
26-4-2019 10:56:47,-114.7
26-4-2019 10:56:49,-114.9
26-4-2019 10:56:51,-114.8
26-4-2019 10:56:54,-114.8
26-4-2019 10:56:56,-114.9
26-4-2019 10:56:58,-114.8
26-4-2019 10:57:1,-114.9
26-4-2019 10:57:3,-114.9
26-4-2019 10:57:5,-115.0
26-4-2019 10:57:7,-114.7
26-4-2019 10:57:10,-114.6
26-4-2019 10:57:12,-114.8
26-4-2019 10:57:14,-114.3
26-4-2019 10:57:17,-115.0
26-4-2019 10:57:19,-115.2
26-4-2019 10:57:21,-114.9
26-4-2019 10:57:23,-114.7
26-4-2019 10:57:26,-114.5
26-4-2019 10:57:28,-114.8
26-4-2019 10:57:30,-114.6
26-4-2019 10:57:33,-114.6
26-4-2019 10:57:35,-114.9
26-4-2019 10:57:37,-114.9
26-4-2019 10:57:39,-114.2
26-4-2019 10:57:42,-114.8
26-4-2019 10:57:44,-114.9
26-4-2019 10:57:46,-114.8
26-4-2019 10:57:49,-114.6
26-4-2019 10:57:51,-114.8
26-4-2019 10:57:53,-114.8
26-4-2019 10:57:55,-114.9
26-4-2019 10:57:58,-114.5
26-4-2019 10:58:0,-115.0
26-4-2019 10:58:2,-114.7
26-4-2019 10:58:5,-114.6
26-4-2019 10:58:7,-114.8
26-4-2019 10:58:9,-114.7
26-4-2019 10:58:11,-114.8
26-4-2019 10:58:14,-114.9
26-4-2019 10:58:16,-114.7
26-4-2019 10:58:18,-114.7
26-4-2019 10:58:21,-114.8
26-4-2019 10:58:23,-114.8
26-4-2019 10:58:25,-114.6
26-4-2019 10:58:27,-114.9
26-4-2019 10:58:30,-114.5
