26-4-2019 20:26:59,0.154
26-4-2019 20:26:59,0.002
26-4-2019 20:27:1,0.001
26-4-2019 20:27:1,0.002
26-4-2019 20:27:4,0.001
26-4-2019 20:27:4,0.002
26-4-2019 20:27:6,0.000
26-4-2019 20:27:6,0.002
26-4-2019 20:27:8,0.000
26-4-2019 20:27:8,0.002
26-4-2019 20:27:10,0.001
26-4-2019 20:27:10,0.002
26-4-2019 20:27:13,0.001
26-4-2019 20:27:13,0.002
26-4-2019 20:27:15,0.000
26-4-2019 20:27:15,0.002
26-4-2019 20:27:17,0.001
26-4-2019 20:27:17,0.002
26-4-2019 20:27:19,0.001
26-4-2019 20:27:19,0.002
26-4-2019 20:27:22,0.001
26-4-2019 20:27:22,0.002
26-4-2019 20:27:24,0.001
26-4-2019 20:27:24,0.002
26-4-2019 20:27:26,0.000
26-4-2019 20:27:26,0.002
26-4-2019 20:27:29,0.001
26-4-2019 20:27:29,0.002
26-4-2019 20:27:31,0.001
26-4-2019 20:27:31,0.002
26-4-2019 20:27:33,0.000
26-4-2019 20:27:33,0.002
26-4-2019 20:27:35,0.001
26-4-2019 20:27:35,0.002
26-4-2019 20:27:38,0.001
26-4-2019 20:27:38,0.002
26-4-2019 20:27:40,0.001
26-4-2019 20:27:40,0.002
26-4-2019 20:27:42,0.000
26-4-2019 20:27:42,0.002
26-4-2019 20:27:45,0.001
26-4-2019 20:27:45,0.002
26-4-2019 20:27:47,0.001
26-4-2019 20:27:47,0.002
26-4-2019 20:27:49,0.001
26-4-2019 20:27:49,0.002
26-4-2019 20:27:51,0.000
26-4-2019 20:27:51,0.002
26-4-2019 20:27:54,0.000
26-4-2019 20:27:54,0.002
26-4-2019 20:27:56,0.001
26-4-2019 20:27:56,0.002
26-4-2019 20:27:58,0.001
26-4-2019 20:27:58,0.002
26-4-2019 20:28:1,0.000
26-4-2019 20:28:1,0.002
26-4-2019 20:28:3,0.001
26-4-2019 20:28:3,0.002
26-4-2019 20:28:5,0.001
26-4-2019 20:28:5,0.002
26-4-2019 20:28:7,0.001
26-4-2019 20:28:7,0.002
26-4-2019 20:28:10,0.000
26-4-2019 20:28:10,0.002
26-4-2019 20:28:12,0.001
26-4-2019 20:28:12,0.002
26-4-2019 20:28:14,0.001
26-4-2019 20:28:14,0.162
26-4-2019 20:28:17,0.001
26-4-2019 20:28:17,0.155
26-4-2019 20:28:19,0.000
26-4-2019 20:28:19,0.151
26-4-2019 20:28:21,0.001
26-4-2019 20:28:21,0.053
26-4-2019 20:28:23,0.001
26-4-2019 20:28:23,0.048
26-4-2019 20:28:26,0.001
26-4-2019 20:28:26,0.049
26-4-2019 20:28:28,0.000
26-4-2019 20:28:28,0.044
26-4-2019 20:28:30,0.001
26-4-2019 20:28:30,0.035
26-4-2019 20:28:32,0.001
26-4-2019 20:28:32,0.028
26-4-2019 20:28:35,0.001
26-4-2019 20:28:35,0.028
26-4-2019 20:28:37,0.000
26-4-2019 20:28:37,0.023
26-4-2019 20:28:39,0.001
26-4-2019 20:28:39,0.021
26-4-2019 20:28:42,0.001
26-4-2019 20:28:42,0.020
26-4-2019 20:28:44,0.001
26-4-2019 20:28:44,0.020
26-4-2019 20:28:46,0.000
26-4-2019 20:28:46,0.020
26-4-2019 20:28:48,0.000
26-4-2019 20:28:48,0.020
26-4-2019 20:28:51,0.001
26-4-2019 20:28:51,0.002
26-4-2019 20:28:53,0.001
26-4-2019 20:28:53,0.002
26-4-2019 20:28:55,0.000
26-4-2019 20:28:55,0.002
26-4-2019 20:28:58,0.001
26-4-2019 20:28:58,0.391
26-4-2019 20:29:0,0.001
26-4-2019 20:29:0,0.002
26-4-2019 20:29:2,0.001
26-4-2019 20:29:2,0.002
26-4-2019 20:29:4,0.000
26-4-2019 20:29:4,0.002
26-4-2019 20:29:7,0.001
26-4-2019 20:29:7,0.003
26-4-2019 20:29:9,0.001
26-4-2019 20:29:9,0.003
26-4-2019 20:29:11,0.001
26-4-2019 20:29:11,0.002
26-4-2019 20:29:14,0.000
26-4-2019 20:29:14,0.002
26-4-2019 20:29:16,0.001
26-4-2019 20:29:16,0.002
26-4-2019 20:29:18,0.001
26-4-2019 20:29:18,0.002
26-4-2019 20:29:20,0.001
26-4-2019 20:29:20,0.002
26-4-2019 20:29:23,0.000
26-4-2019 20:29:23,0.005
26-4-2019 20:29:25,0.001
26-4-2019 20:29:25,0.006
26-4-2019 20:29:27,0.001
26-4-2019 20:29:27,0.006
26-4-2019 20:29:29,0.001
26-4-2019 20:29:29,0.005
26-4-2019 20:29:32,0.000
26-4-2019 20:29:32,0.005
26-4-2019 20:29:34,0.000
26-4-2019 20:29:34,0.005
26-4-2019 20:29:36,0.001
26-4-2019 20:29:36,0.005
26-4-2019 20:29:39,0.001
26-4-2019 20:29:39,0.005
26-4-2019 20:29:41,0.000
26-4-2019 20:29:41,0.005
26-4-2019 20:29:43,0.001
26-4-2019 20:29:43,0.005
26-4-2019 20:29:45,0.001
26-4-2019 20:29:45,0.005
26-4-2019 20:29:48,0.001
26-4-2019 20:29:48,0.005
26-4-2019 20:29:50,0.000
26-4-2019 20:29:50,0.005
26-4-2019 20:29:52,0.000
26-4-2019 20:29:52,0.005
26-4-2019 20:29:55,0.001
26-4-2019 20:29:55,0.002
26-4-2019 20:29:57,0.001
26-4-2019 20:29:57,0.002
26-4-2019 20:29:59,0.000
26-4-2019 20:29:59,0.002
26-4-2019 20:30:1,0.001
26-4-2019 20:30:1,0.002
26-4-2019 20:30:4,0.001
26-4-2019 20:30:4,0.002
26-4-2019 20:30:6,0.001
26-4-2019 20:30:6,0.002
26-4-2019 20:30:8,0.000
26-4-2019 20:30:8,0.002
26-4-2019 20:30:11,0.001
26-4-2019 20:30:11,0.002
26-4-2019 20:30:13,0.001
26-4-2019 20:30:13,0.002
26-4-2019 20:30:15,0.001
26-4-2019 20:30:15,0.002
26-4-2019 20:30:17,0.000
26-4-2019 20:30:17,0.002
26-4-2019 20:30:20,0.001
26-4-2019 20:30:20,0.002
26-4-2019 20:30:22,0.001
26-4-2019 20:30:22,0.002
26-4-2019 20:30:24,0.001
26-4-2019 20:30:24,0.002
26-4-2019 20:30:27,0.000
26-4-2019 20:30:27,0.002
26-4-2019 20:30:29,0.000
26-4-2019 20:30:29,0.002
26-4-2019 20:30:31,0.001
26-4-2019 20:30:31,0.002
26-4-2019 20:30:33,0.001
26-4-2019 20:30:33,0.002
26-4-2019 20:30:36,0.000
26-4-2019 20:30:36,0.002
26-4-2019 20:30:38,0.001
26-4-2019 20:30:38,0.002
26-4-2019 20:30:40,0.001
26-4-2019 20:30:40,0.002
26-4-2019 20:30:42,0.001
26-4-2019 20:30:42,0.002
26-4-2019 20:30:45,0.000
26-4-2019 20:30:45,0.002
26-4-2019 20:30:47,0.001
26-4-2019 20:30:47,0.002
26-4-2019 20:30:49,0.001
26-4-2019 20:30:49,0.002
26-4-2019 20:30:52,0.001
26-4-2019 20:30:52,0.002
26-4-2019 20:30:54,0.000
26-4-2019 20:30:54,0.002
26-4-2019 20:30:56,0.001
26-4-2019 20:30:56,0.002
26-4-2019 20:30:58,0.000
26-4-2019 20:30:58,0.002
26-4-2019 20:31:1,0.001
26-4-2019 20:31:1,0.002
26-4-2019 20:31:3,0.000
26-4-2019 20:31:3,0.002
26-4-2019 20:31:5,0.001
26-4-2019 20:31:5,0.002
26-4-2019 20:31:8,0.001
26-4-2019 20:31:8,0.002
26-4-2019 20:31:10,0.001
26-4-2019 20:31:10,0.002
26-4-2019 20:31:12,0.000
26-4-2019 20:31:12,0.002
26-4-2019 20:31:14,0.001
26-4-2019 20:31:14,0.002
26-4-2019 20:31:17,0.000
26-4-2019 20:31:17,0.002
26-4-2019 20:31:19,0.001
26-4-2019 20:31:19,0.004
26-4-2019 20:31:21,0.000
26-4-2019 20:31:21,0.006
26-4-2019 20:31:24,0.001
26-4-2019 20:31:24,0.005
26-4-2019 20:31:26,0.001
26-4-2019 20:31:26,0.005
26-4-2019 20:31:28,0.001
26-4-2019 20:31:28,0.005
26-4-2019 20:31:30,0.000
26-4-2019 20:31:30,0.004
26-4-2019 20:31:33,0.001
26-4-2019 20:31:33,0.002
26-4-2019 20:31:35,0.001
26-4-2019 20:31:35,0.002
26-4-2019 20:31:37,0.001
26-4-2019 20:31:37,0.002
26-4-2019 20:31:40,0.000
26-4-2019 20:31:40,0.002
26-4-2019 20:31:42,0.001
26-4-2019 20:31:42,0.002
26-4-2019 20:31:44,0.001
26-4-2019 20:31:44,0.002
26-4-2019 20:31:46,0.001
26-4-2019 20:31:46,0.002
26-4-2019 20:31:49,0.000
26-4-2019 20:31:49,0.002
26-4-2019 20:31:51,0.000
26-4-2019 20:31:51,0.002
26-4-2019 20:31:53,0.001
26-4-2019 20:31:53,0.002
26-4-2019 20:31:56,0.001
26-4-2019 20:31:56,0.002
26-4-2019 20:31:58,0.000
26-4-2019 20:31:58,0.002
26-4-2019 20:32:0,0.001
26-4-2019 20:32:0,0.002
26-4-2019 20:32:2,0.000
26-4-2019 20:32:2,0.002
26-4-2019 20:32:5,0.001
26-4-2019 20:32:5,0.002
26-4-2019 20:32:7,0.000
26-4-2019 20:32:7,0.002
26-4-2019 20:32:9,0.000
26-4-2019 20:32:9,0.002
26-4-2019 20:32:12,0.001
26-4-2019 20:32:12,0.002
26-4-2019 20:32:14,0.001
26-4-2019 20:32:14,0.002
26-4-2019 20:32:16,0.000
26-4-2019 20:32:16,0.002
26-4-2019 20:32:18,0.001
26-4-2019 20:32:18,0.002
26-4-2019 20:32:21,0.000
26-4-2019 20:32:21,0.002
26-4-2019 20:32:23,0.001
26-4-2019 20:32:23,0.002
26-4-2019 20:32:25,0.000
26-4-2019 20:32:25,0.002
26-4-2019 20:32:27,0.000
26-4-2019 20:32:27,0.002
26-4-2019 20:32:30,0.001
26-4-2019 20:32:30,0.002
26-4-2019 20:32:32,0.001
26-4-2019 20:32:32,0.002
26-4-2019 20:32:34,0.000
26-4-2019 20:32:34,0.002
26-4-2019 20:32:37,0.001
26-4-2019 20:32:37,0.002
26-4-2019 20:32:39,0.001
26-4-2019 20:32:39,0.002
26-4-2019 20:32:41,0.001
26-4-2019 20:32:41,0.002
26-4-2019 20:32:43,0.000
26-4-2019 20:32:43,0.002
26-4-2019 20:32:46,0.001
26-4-2019 20:32:46,0.002
26-4-2019 20:32:48,0.001
26-4-2019 20:32:48,0.002
26-4-2019 20:32:50,0.001
26-4-2019 20:32:50,0.002
26-4-2019 20:32:53,0.000
26-4-2019 20:32:53,0.002
26-4-2019 20:32:55,0.001
26-4-2019 20:32:55,0.002
26-4-2019 20:32:57,0.001
26-4-2019 20:32:57,0.002
26-4-2019 20:32:59,0.001
26-4-2019 20:32:59,0.002
26-4-2019 20:33:2,0.000
26-4-2019 20:33:2,0.002
26-4-2019 20:33:4,0.001
26-4-2019 20:33:4,0.002
26-4-2019 20:33:6,0.001
26-4-2019 20:33:6,0.002
26-4-2019 20:33:9,0.001
26-4-2019 20:33:9,0.002
26-4-2019 20:33:11,0.000
26-4-2019 20:33:11,0.002
26-4-2019 20:33:13,0.001
26-4-2019 20:33:13,0.002
26-4-2019 20:33:15,0.001
26-4-2019 20:33:15,0.002
26-4-2019 20:33:18,0.001
26-4-2019 20:33:18,0.002
26-4-2019 20:33:20,0.000
26-4-2019 20:33:20,0.002
26-4-2019 20:33:22,0.000
26-4-2019 20:33:22,0.002
26-4-2019 20:33:24,0.001
26-4-2019 20:33:24,0.002
26-4-2019 20:33:27,0.001
26-4-2019 20:33:27,0.002
26-4-2019 20:33:29,0.000
26-4-2019 20:33:29,0.002
26-4-2019 20:33:31,0.000
26-4-2019 20:33:31,0.002
26-4-2019 20:33:34,0.001
26-4-2019 20:33:34,0.002
26-4-2019 20:33:36,0.001
26-4-2019 20:33:36,0.002
26-4-2019 20:33:38,0.000
26-4-2019 20:33:38,0.002
26-4-2019 20:33:40,0.001
26-4-2019 20:33:40,0.002
26-4-2019 20:33:43,0.001
26-4-2019 20:33:43,0.002
26-4-2019 20:33:45,0.001
26-4-2019 20:33:45,0.002
26-4-2019 20:33:47,0.000
26-4-2019 20:33:47,0.002
26-4-2019 20:33:50,0.001
26-4-2019 20:33:50,0.002
26-4-2019 20:33:52,0.001
26-4-2019 20:33:52,0.002
26-4-2019 20:33:54,0.001
26-4-2019 20:33:54,0.002
26-4-2019 20:33:56,0.000
26-4-2019 20:33:56,0.002
26-4-2019 20:33:59,0.001
26-4-2019 20:33:59,0.002
26-4-2019 20:34:1,0.001
26-4-2019 20:34:1,0.002
26-4-2019 20:34:3,0.001
26-4-2019 20:34:3,0.002
26-4-2019 20:34:6,0.001
26-4-2019 20:34:6,0.004
26-4-2019 20:34:8,0.000
26-4-2019 20:34:8,0.004
26-4-2019 20:34:10,0.001
26-4-2019 20:34:10,0.003
26-4-2019 20:34:12,0.001
26-4-2019 20:34:12,0.003
26-4-2019 20:34:15,0.000
26-4-2019 20:34:15,0.003
26-4-2019 20:34:17,0.001
26-4-2019 20:34:17,0.003
26-4-2019 20:34:19,0.001
26-4-2019 20:34:19,0.005
26-4-2019 20:34:22,0.001
26-4-2019 20:34:22,0.005
26-4-2019 20:34:24,0.000
26-4-2019 20:34:24,0.003
26-4-2019 20:34:26,0.000
26-4-2019 20:34:26,0.002
26-4-2019 20:34:28,0.001
26-4-2019 20:34:28,0.003
26-4-2019 20:34:31,0.001
26-4-2019 20:34:31,0.004
26-4-2019 20:34:33,0.000
26-4-2019 20:34:33,0.004
26-4-2019 20:34:35,0.000
26-4-2019 20:34:35,0.002
26-4-2019 20:34:38,0.001
26-4-2019 20:34:38,0.002
26-4-2019 20:34:40,0.001
26-4-2019 20:34:40,0.003
26-4-2019 20:34:42,0.000
26-4-2019 20:34:42,0.006
26-4-2019 20:34:44,0.001
26-4-2019 20:34:44,0.075
26-4-2019 20:34:47,0.001
26-4-2019 20:34:47,0.011
26-4-2019 20:34:49,0.001
26-4-2019 20:34:49,0.002
26-4-2019 20:34:51,0.000
26-4-2019 20:34:51,0.003
26-4-2019 20:34:53,0.001
26-4-2019 20:34:53,0.002
26-4-2019 20:34:56,0.001
26-4-2019 20:34:56,0.002
26-4-2019 20:34:58,0.001
26-4-2019 20:34:58,0.002
26-4-2019 20:35:0,0.000
26-4-2019 20:35:0,0.002
26-4-2019 20:35:3,0.001
26-4-2019 20:35:3,0.002
26-4-2019 20:35:5,0.001
26-4-2019 20:35:5,0.002
26-4-2019 20:35:7,0.001
26-4-2019 20:35:7,0.002
26-4-2019 20:35:9,0.000
26-4-2019 20:35:9,0.002
26-4-2019 20:35:12,0.001
26-4-2019 20:35:12,0.002
26-4-2019 20:35:14,0.001
26-4-2019 20:35:14,0.003
26-4-2019 20:35:16,0.001
26-4-2019 20:35:16,0.002
26-4-2019 20:35:19,0.000
26-4-2019 20:35:19,0.002
26-4-2019 20:35:21,0.001
26-4-2019 20:35:21,0.002
26-4-2019 20:35:23,0.000
26-4-2019 20:35:23,0.002
26-4-2019 20:35:25,0.001
26-4-2019 20:35:25,0.002
26-4-2019 20:35:28,0.000
26-4-2019 20:35:28,0.002
26-4-2019 20:35:30,0.001
26-4-2019 20:35:30,0.002
26-4-2019 20:35:32,0.001
26-4-2019 20:35:32,0.002
26-4-2019 20:35:35,0.001
26-4-2019 20:35:35,0.002
26-4-2019 20:35:37,0.000
26-4-2019 20:35:37,0.002
26-4-2019 20:35:39,0.000
26-4-2019 20:35:39,0.002
26-4-2019 20:35:41,0.001
26-4-2019 20:35:41,0.002
26-4-2019 20:35:44,0.001
26-4-2019 20:35:44,0.002
26-4-2019 20:35:46,0.000
26-4-2019 20:35:46,0.026
26-4-2019 20:35:48,0.001
26-4-2019 20:35:48,0.001
26-4-2019 20:35:51,0.001
26-4-2019 20:35:51,0.002
26-4-2019 20:35:53,0.001
26-4-2019 20:35:53,0.002
26-4-2019 20:35:55,0.000
26-4-2019 20:35:55,0.002
26-4-2019 20:35:57,0.000
26-4-2019 20:35:57,0.002
26-4-2019 20:36:0,0.001
26-4-2019 20:36:0,0.002
26-4-2019 20:36:2,0.001
26-4-2019 20:36:2,0.002
26-4-2019 20:36:4,0.000
26-4-2019 20:36:4,0.002
26-4-2019 20:36:6,0.001
26-4-2019 20:36:6,0.002
26-4-2019 20:36:9,0.001
26-4-2019 20:36:9,0.002
26-4-2019 20:36:11,0.001
26-4-2019 20:36:11,0.002
26-4-2019 20:36:13,0.000
26-4-2019 20:36:13,0.002
26-4-2019 20:36:16,0.001
26-4-2019 20:36:16,0.002
26-4-2019 20:36:18,0.001
26-4-2019 20:36:18,0.002
26-4-2019 20:36:20,0.001
26-4-2019 20:36:20,0.002
26-4-2019 20:36:22,0.000
26-4-2019 20:36:22,0.002
26-4-2019 20:36:25,0.001
26-4-2019 20:36:25,0.002
26-4-2019 20:36:27,0.001
26-4-2019 20:36:27,0.002
26-4-2019 20:36:29,0.001
26-4-2019 20:36:29,0.002
26-4-2019 20:36:32,0.000
26-4-2019 20:36:32,0.002
26-4-2019 20:36:34,0.001
26-4-2019 20:36:34,0.002
26-4-2019 20:36:36,0.001
26-4-2019 20:36:36,0.002
26-4-2019 20:36:38,0.001
26-4-2019 20:36:38,0.002
26-4-2019 20:36:41,0.000
26-4-2019 20:36:41,0.002
26-4-2019 20:36:43,0.001
26-4-2019 20:36:43,0.002
26-4-2019 20:36:45,0.001
26-4-2019 20:36:45,0.002
26-4-2019 20:36:48,0.001
26-4-2019 20:36:48,0.002
26-4-2019 20:36:50,0.001
26-4-2019 20:36:50,0.002
26-4-2019 20:36:52,0.000
26-4-2019 20:36:52,0.002
26-4-2019 20:36:54,0.001
26-4-2019 20:36:54,0.002
26-4-2019 20:36:57,0.001
26-4-2019 20:36:57,0.002
26-4-2019 20:36:59,0.000
26-4-2019 20:36:59,0.002
26-4-2019 20:37:1,0.000
26-4-2019 20:37:1,0.002
26-4-2019 20:37:4,0.001
26-4-2019 20:37:4,0.002
26-4-2019 20:37:6,0.001
26-4-2019 20:37:6,0.002
26-4-2019 20:37:8,0.000
26-4-2019 20:37:8,0.002
26-4-2019 20:37:10,0.001
26-4-2019 20:37:10,0.002
26-4-2019 20:37:13,0.001
26-4-2019 20:37:13,0.002
26-4-2019 20:37:15,0.001
26-4-2019 20:37:15,0.002
26-4-2019 20:37:17,0.000
26-4-2019 20:37:17,0.002
26-4-2019 20:37:20,0.001
26-4-2019 20:37:20,0.002
26-4-2019 20:37:22,0.001
26-4-2019 20:37:22,0.002
26-4-2019 20:37:24,0.001
26-4-2019 20:37:24,0.002
26-4-2019 20:37:26,0.000
26-4-2019 20:37:26,0.002
26-4-2019 20:37:29,0.001
26-4-2019 20:37:29,0.002
26-4-2019 20:37:31,0.001
26-4-2019 20:37:31,0.002
26-4-2019 20:37:33,0.001
26-4-2019 20:37:33,0.002
26-4-2019 20:37:35,0.000
26-4-2019 20:37:35,0.002
26-4-2019 20:37:38,0.001
26-4-2019 20:37:38,0.002
26-4-2019 20:37:40,0.001
26-4-2019 20:37:40,0.002
26-4-2019 20:37:42,0.001
26-4-2019 20:37:42,0.002
26-4-2019 20:37:45,0.000
26-4-2019 20:37:45,0.002
26-4-2019 20:37:47,0.001
26-4-2019 20:37:47,0.002
26-4-2019 20:37:49,0.001
26-4-2019 20:37:49,0.002
26-4-2019 20:37:51,0.001
26-4-2019 20:37:51,0.002
26-4-2019 20:37:54,0.000
26-4-2019 20:37:54,0.002
26-4-2019 20:37:56,0.001
26-4-2019 20:37:56,0.002
26-4-2019 20:37:58,0.000
26-4-2019 20:37:58,0.002
26-4-2019 20:38:1,0.001
26-4-2019 20:38:1,0.002
26-4-2019 20:38:3,0.000
26-4-2019 20:38:3,0.002
26-4-2019 20:38:5,0.001
26-4-2019 20:38:5,0.002
26-4-2019 20:38:7,0.000
26-4-2019 20:38:7,0.002
26-4-2019 20:38:10,0.001
26-4-2019 20:38:10,0.002
26-4-2019 20:38:12,0.000
26-4-2019 20:38:12,0.002
26-4-2019 20:38:14,0.001
26-4-2019 20:38:14,0.002
26-4-2019 20:38:17,0.001
26-4-2019 20:38:17,0.002
26-4-2019 20:38:19,0.001
26-4-2019 20:38:19,0.002
26-4-2019 20:38:21,0.000
26-4-2019 20:38:21,0.002
26-4-2019 20:38:23,0.001
26-4-2019 20:38:23,0.002
26-4-2019 20:38:26,0.001
26-4-2019 20:38:26,0.002
26-4-2019 20:38:28,0.001
26-4-2019 20:38:28,0.002
26-4-2019 20:38:30,0.000
26-4-2019 20:38:30,0.002
26-4-2019 20:38:33,0.000
26-4-2019 20:38:33,0.002
26-4-2019 20:38:35,0.001
26-4-2019 20:38:35,0.002
26-4-2019 20:38:37,0.001
26-4-2019 20:38:37,16.869
26-4-2019 20:38:39,0.000
26-4-2019 20:38:39,16.869
26-4-2019 20:38:42,0.000
26-4-2019 20:38:42,16.868
26-4-2019 20:38:44,0.000
26-4-2019 20:38:44,16.868
26-4-2019 20:38:46,0.000
26-4-2019 20:38:46,16.867
26-4-2019 20:38:48,0.000
26-4-2019 20:38:48,16.868
26-4-2019 20:38:51,0.000
26-4-2019 20:38:51,16.867
26-4-2019 20:38:53,0.000
26-4-2019 20:38:53,16.867
26-4-2019 20:38:55,0.000
26-4-2019 20:38:55,16.867
26-4-2019 20:38:58,0.000
26-4-2019 20:38:58,16.867
26-4-2019 20:39:0,0.000
26-4-2019 20:39:0,16.867
26-4-2019 20:39:2,0.000
26-4-2019 20:39:2,16.867
26-4-2019 20:39:4,0.000
26-4-2019 20:39:4,16.867
26-4-2019 20:39:7,0.000
26-4-2019 20:39:7,16.867
26-4-2019 20:39:9,0.000
26-4-2019 20:39:9,16.866
26-4-2019 20:39:11,0.000
26-4-2019 20:39:11,16.866
26-4-2019 20:39:14,0.001
26-4-2019 20:39:14,16.866
26-4-2019 20:39:16,0.000
26-4-2019 20:39:16,16.866
26-4-2019 20:39:18,0.000
26-4-2019 20:39:18,16.866
26-4-2019 20:39:20,0.001
26-4-2019 20:39:20,16.866
26-4-2019 20:39:23,0.000
26-4-2019 20:39:23,16.866
26-4-2019 20:39:25,0.000
26-4-2019 20:39:25,16.866
26-4-2019 20:39:27,0.000
26-4-2019 20:39:27,16.866
26-4-2019 20:39:30,0.001
26-4-2019 20:39:30,16.866
26-4-2019 20:39:32,0.000
26-4-2019 20:39:32,16.866
26-4-2019 20:39:34,0.000
26-4-2019 20:39:34,16.866
26-4-2019 20:39:36,0.000
26-4-2019 20:39:36,16.867
26-4-2019 20:39:39,0.000
26-4-2019 20:39:39,16.867
26-4-2019 20:39:41,0.000
26-4-2019 20:39:41,16.867
26-4-2019 20:39:43,0.000
26-4-2019 20:39:43,16.866
26-4-2019 20:39:45,0.000
26-4-2019 20:39:45,16.866
26-4-2019 20:39:48,0.000
26-4-2019 20:39:48,16.866
26-4-2019 20:39:50,0.000
26-4-2019 20:39:50,16.867
26-4-2019 20:39:52,0.000
26-4-2019 20:39:52,16.867
26-4-2019 20:39:55,0.000
26-4-2019 20:39:55,16.867
26-4-2019 20:39:57,0.000
26-4-2019 20:39:57,16.866
26-4-2019 20:39:59,0.000
26-4-2019 20:39:59,16.866
26-4-2019 20:40:1,0.000
26-4-2019 20:40:1,16.866
26-4-2019 20:40:4,0.000
26-4-2019 20:40:4,16.866
26-4-2019 20:40:6,0.000
26-4-2019 20:40:6,16.866
26-4-2019 20:40:8,0.001
26-4-2019 20:40:8,16.866
26-4-2019 20:40:11,0.000
26-4-2019 20:40:11,16.866
26-4-2019 20:40:13,0.000
26-4-2019 20:40:13,16.866
26-4-2019 20:40:15,0.000
26-4-2019 20:40:15,16.866
26-4-2019 20:40:17,0.000
26-4-2019 20:40:17,16.866
26-4-2019 20:40:20,0.000
26-4-2019 20:40:20,16.866
26-4-2019 20:40:22,0.000
26-4-2019 20:40:22,16.866
26-4-2019 20:40:24,0.000
26-4-2019 20:40:24,16.866
26-4-2019 20:40:27,0.000
26-4-2019 20:40:27,16.866
26-4-2019 20:40:29,0.000
26-4-2019 20:40:29,16.866
26-4-2019 20:40:31,0.000
26-4-2019 20:40:31,16.866
26-4-2019 20:40:33,0.000
26-4-2019 20:40:33,16.866
26-4-2019 20:40:36,0.001
26-4-2019 20:40:36,16.866
26-4-2019 20:40:38,0.000
26-4-2019 20:40:38,16.866
26-4-2019 20:40:40,0.000
26-4-2019 20:40:40,16.866
26-4-2019 20:40:42,0.001
26-4-2019 20:40:42,16.866
26-4-2019 20:40:45,0.000
26-4-2019 20:40:45,16.866
26-4-2019 20:40:47,0.000
26-4-2019 20:40:47,16.866
26-4-2019 20:40:49,0.000
26-4-2019 20:40:49,16.866
26-4-2019 20:40:52,0.000
26-4-2019 20:40:52,16.866
26-4-2019 20:40:54,0.000
26-4-2019 20:40:54,16.866
26-4-2019 20:40:56,0.000
26-4-2019 20:40:56,16.866
26-4-2019 20:40:58,0.000
26-4-2019 20:40:58,16.866
26-4-2019 20:41:1,0.000
26-4-2019 20:41:1,16.866
26-4-2019 20:41:3,0.000
26-4-2019 20:41:3,16.866
26-4-2019 20:41:5,0.000
26-4-2019 20:41:5,16.865
26-4-2019 20:41:8,0.000
26-4-2019 20:41:8,16.865
26-4-2019 20:41:10,0.000
26-4-2019 20:41:10,16.866
26-4-2019 20:41:12,0.000
26-4-2019 20:41:12,16.866
26-4-2019 20:41:14,0.000
26-4-2019 20:41:14,16.866
26-4-2019 20:41:17,0.000
26-4-2019 20:41:17,16.866
26-4-2019 20:41:19,0.000
26-4-2019 20:41:19,16.866
26-4-2019 20:41:21,0.000
26-4-2019 20:41:21,16.866
26-4-2019 20:41:24,0.000
26-4-2019 20:41:24,16.866
26-4-2019 20:41:26,0.000
26-4-2019 20:41:26,16.866
26-4-2019 20:41:28,0.000
26-4-2019 20:41:28,16.866
26-4-2019 20:41:30,0.000
26-4-2019 20:41:30,16.866
26-4-2019 20:41:33,0.000
26-4-2019 20:41:33,16.866
26-4-2019 20:41:35,0.000
26-4-2019 20:41:35,16.865
26-4-2019 20:41:37,0.001
26-4-2019 20:41:37,16.865
26-4-2019 20:41:39,0.000
26-4-2019 20:41:39,16.865
26-4-2019 20:41:42,0.000
26-4-2019 20:41:42,16.865
26-4-2019 20:41:44,0.000
26-4-2019 20:41:44,16.865
26-4-2019 20:41:46,0.001
26-4-2019 20:41:46,16.865
26-4-2019 20:41:49,0.000
26-4-2019 20:41:49,16.865
26-4-2019 20:41:51,0.000
26-4-2019 20:41:51,16.865
26-4-2019 20:41:53,0.000
26-4-2019 20:41:53,16.865
26-4-2019 20:41:55,0.000
26-4-2019 20:41:55,16.865
26-4-2019 20:41:58,0.001
26-4-2019 20:41:58,16.865
26-4-2019 20:42:0,0.000
26-4-2019 20:42:0,16.865
26-4-2019 20:42:2,0.000
26-4-2019 20:42:2,16.865
26-4-2019 20:42:5,0.001
26-4-2019 20:42:5,16.865
26-4-2019 20:42:7,0.000
26-4-2019 20:42:7,16.865
26-4-2019 20:42:9,0.000
26-4-2019 20:42:9,16.865
26-4-2019 20:42:11,0.000
26-4-2019 20:42:11,16.865
26-4-2019 20:42:14,0.000
26-4-2019 20:42:14,16.865
26-4-2019 20:42:16,0.001
26-4-2019 20:42:16,16.866
26-4-2019 20:42:18,0.000
26-4-2019 20:42:18,16.866
26-4-2019 20:42:21,0.000
26-4-2019 20:42:21,16.865
26-4-2019 20:42:23,0.000
26-4-2019 20:42:23,16.865
26-4-2019 20:42:25,0.000
26-4-2019 20:42:25,16.865
26-4-2019 20:42:27,0.000
26-4-2019 20:42:27,16.865
26-4-2019 20:42:30,0.000
26-4-2019 20:42:30,16.865
26-4-2019 20:42:32,0.000
26-4-2019 20:42:32,16.865
26-4-2019 20:42:34,0.001
26-4-2019 20:42:34,16.865
26-4-2019 20:42:37,0.000
26-4-2019 20:42:37,16.865
26-4-2019 20:42:39,0.000
26-4-2019 20:42:39,16.865
26-4-2019 20:42:41,0.000
26-4-2019 20:42:41,16.865
26-4-2019 20:42:43,0.000
26-4-2019 20:42:43,16.865
26-4-2019 20:42:46,0.000
26-4-2019 20:42:46,16.865
26-4-2019 20:42:48,0.000
26-4-2019 20:42:48,16.865
26-4-2019 20:42:50,0.000
26-4-2019 20:42:50,16.865
26-4-2019 20:42:52,0.001
26-4-2019 20:42:52,16.865
26-4-2019 20:42:55,0.000
26-4-2019 20:42:55,16.866
26-4-2019 20:42:57,0.000
26-4-2019 20:42:57,16.866
26-4-2019 20:42:59,0.000
26-4-2019 20:42:59,16.866
26-4-2019 20:43:2,0.000
26-4-2019 20:43:2,16.866
26-4-2019 20:43:4,0.000
26-4-2019 20:43:4,16.865
26-4-2019 20:43:6,0.000
26-4-2019 20:43:6,16.865
26-4-2019 20:43:8,0.000
26-4-2019 20:43:8,16.865
26-4-2019 20:43:11,0.001
26-4-2019 20:43:11,16.865
26-4-2019 20:43:13,0.000
26-4-2019 20:43:13,16.865
26-4-2019 20:43:15,0.000
26-4-2019 20:43:15,16.865
26-4-2019 20:43:18,0.000
26-4-2019 20:43:18,16.865
26-4-2019 20:43:20,0.001
26-4-2019 20:43:20,16.866
26-4-2019 20:43:22,0.000
26-4-2019 20:43:22,16.866
26-4-2019 20:43:24,0.000
26-4-2019 20:43:24,16.865
26-4-2019 20:43:27,0.000
26-4-2019 20:43:27,16.865
26-4-2019 20:43:29,0.001
26-4-2019 20:43:29,16.865
26-4-2019 20:43:31,0.000
26-4-2019 20:43:31,16.865
26-4-2019 20:43:34,0.000
26-4-2019 20:43:34,16.865
26-4-2019 20:43:36,0.000
26-4-2019 20:43:36,16.865
26-4-2019 20:43:38,0.000
26-4-2019 20:43:38,16.865
26-4-2019 20:43:40,0.000
26-4-2019 20:43:40,16.865
26-4-2019 20:43:43,0.000
26-4-2019 20:43:43,16.865
26-4-2019 20:43:45,0.000
26-4-2019 20:43:45,16.865
26-4-2019 20:43:47,0.001
26-4-2019 20:43:47,16.865
26-4-2019 20:43:50,0.000
26-4-2019 20:43:50,16.865
26-4-2019 20:43:52,0.000
26-4-2019 20:43:52,16.864
26-4-2019 20:43:54,0.000
26-4-2019 20:43:54,16.864
26-4-2019 20:43:56,0.001
26-4-2019 20:43:56,16.864
26-4-2019 20:43:59,0.000
26-4-2019 20:43:59,16.864
26-4-2019 20:44:1,0.000
26-4-2019 20:44:1,16.864
26-4-2019 20:44:3,0.000
26-4-2019 20:44:3,16.864
26-4-2019 20:44:5,0.000
26-4-2019 20:44:5,16.865
26-4-2019 20:44:8,0.000
26-4-2019 20:44:8,16.864
26-4-2019 20:44:10,0.000
26-4-2019 20:44:10,16.865
26-4-2019 20:44:12,0.000
26-4-2019 20:44:12,16.865
26-4-2019 20:44:15,0.000
26-4-2019 20:44:15,16.865
26-4-2019 20:44:17,0.000
26-4-2019 20:44:17,16.865
26-4-2019 20:44:19,0.000
26-4-2019 20:44:19,16.865
26-4-2019 20:44:21,0.000
26-4-2019 20:44:21,16.865
26-4-2019 20:44:24,0.000
26-4-2019 20:44:24,16.865
26-4-2019 20:44:26,0.000
26-4-2019 20:44:26,16.865
26-4-2019 20:44:28,0.001
26-4-2019 20:44:28,16.865
26-4-2019 20:44:31,0.000
26-4-2019 20:44:31,16.865
26-4-2019 20:44:33,0.001
26-4-2019 20:44:33,16.864
26-4-2019 20:44:35,0.000
26-4-2019 20:44:35,16.864
26-4-2019 20:44:37,0.000
26-4-2019 20:44:37,16.864
26-4-2019 20:44:40,0.001
26-4-2019 20:44:40,16.865
26-4-2019 20:44:42,0.000
26-4-2019 20:44:42,16.865
26-4-2019 20:44:44,0.000
26-4-2019 20:44:44,16.865
26-4-2019 20:44:47,0.000
26-4-2019 20:44:47,16.864
26-4-2019 20:44:49,0.000
26-4-2019 20:44:49,16.864
26-4-2019 20:44:51,0.000
26-4-2019 20:44:51,16.865
26-4-2019 20:44:53,0.000
26-4-2019 20:44:53,16.865
26-4-2019 20:44:56,0.000
26-4-2019 20:44:56,16.864
26-4-2019 20:44:58,0.001
26-4-2019 20:44:58,16.864
26-4-2019 20:45:0,0.000
26-4-2019 20:45:0,16.864
26-4-2019 20:45:3,0.000
26-4-2019 20:45:3,16.864
26-4-2019 20:45:5,0.000
26-4-2019 20:45:5,16.864
26-4-2019 20:45:7,0.000
26-4-2019 20:45:7,16.864
26-4-2019 20:45:9,0.001
26-4-2019 20:45:9,16.864
26-4-2019 20:45:12,0.000
26-4-2019 20:45:12,16.864
26-4-2019 20:45:14,0.000
26-4-2019 20:45:14,16.864
26-4-2019 20:45:16,0.000
26-4-2019 20:45:16,16.864
26-4-2019 20:45:18,0.001
26-4-2019 20:45:18,16.863
26-4-2019 20:45:21,0.000
26-4-2019 20:45:21,16.864
26-4-2019 20:45:23,0.000
26-4-2019 20:45:23,16.864
26-4-2019 20:45:25,0.000
26-4-2019 20:45:25,16.864
26-4-2019 20:45:28,0.000
26-4-2019 20:45:28,16.864
26-4-2019 20:45:30,0.000
26-4-2019 20:45:30,16.864
26-4-2019 20:45:32,0.000
26-4-2019 20:45:32,16.864
26-4-2019 20:45:34,0.000
26-4-2019 20:45:34,16.864
26-4-2019 20:45:37,0.000
26-4-2019 20:45:37,16.864
26-4-2019 20:45:39,0.000
26-4-2019 20:45:39,16.864
26-4-2019 20:45:41,0.000
26-4-2019 20:45:41,16.864
26-4-2019 20:45:44,0.000
26-4-2019 20:45:44,16.864
26-4-2019 20:45:46,0.000
26-4-2019 20:45:46,16.864
26-4-2019 20:45:48,0.000
26-4-2019 20:45:48,16.864
26-4-2019 20:45:50,0.000
26-4-2019 20:45:50,16.864
26-4-2019 20:45:53,0.000
26-4-2019 20:45:53,16.863
26-4-2019 20:45:55,0.000
26-4-2019 20:45:55,16.863
26-4-2019 20:45:57,0.000
26-4-2019 20:45:57,16.863
26-4-2019 20:46:0,0.000
26-4-2019 20:46:0,16.863
26-4-2019 20:46:2,0.000
26-4-2019 20:46:2,16.863
26-4-2019 20:46:4,0.001
26-4-2019 20:46:4,16.863
26-4-2019 20:46:6,0.000
26-4-2019 20:46:6,16.863
26-4-2019 20:46:9,0.000
26-4-2019 20:46:9,16.863
26-4-2019 20:46:11,0.000
26-4-2019 20:46:11,16.863
26-4-2019 20:46:13,0.000
26-4-2019 20:46:13,16.863
26-4-2019 20:46:16,0.000
26-4-2019 20:46:16,16.863
26-4-2019 20:46:18,0.000
26-4-2019 20:46:18,16.863
26-4-2019 20:46:20,0.000
26-4-2019 20:46:20,16.863
26-4-2019 20:46:22,0.000
26-4-2019 20:46:22,16.863
26-4-2019 20:46:25,0.000
26-4-2019 20:46:25,16.863
26-4-2019 20:46:27,0.000
26-4-2019 20:46:27,16.863
26-4-2019 20:46:29,0.001
26-4-2019 20:46:29,16.863
26-4-2019 20:46:32,0.000
26-4-2019 20:46:32,16.863
26-4-2019 20:46:34,0.000
26-4-2019 20:46:34,16.863
26-4-2019 20:46:36,0.000
26-4-2019 20:46:36,16.863
26-4-2019 20:46:38,0.001
26-4-2019 20:46:38,16.863
26-4-2019 20:46:41,0.000
26-4-2019 20:46:41,16.863
26-4-2019 20:46:43,0.000
26-4-2019 20:46:43,16.863
26-4-2019 20:46:45,0.000
26-4-2019 20:46:45,16.863
26-4-2019 20:46:48,0.001
26-4-2019 20:46:48,16.863
26-4-2019 20:46:50,0.000
26-4-2019 20:46:50,16.863
26-4-2019 20:46:52,0.000
26-4-2019 20:46:52,16.863
26-4-2019 20:46:54,0.000
26-4-2019 20:46:54,16.863
26-4-2019 20:46:57,0.001
26-4-2019 20:46:57,16.863
26-4-2019 20:46:59,0.000
26-4-2019 20:46:59,16.863
26-4-2019 20:47:1,0.000
26-4-2019 20:47:1,16.863
26-4-2019 20:47:3,0.000
26-4-2019 20:47:3,16.863
26-4-2019 20:47:6,0.000
26-4-2019 20:47:6,16.863
26-4-2019 20:47:8,0.000
26-4-2019 20:47:8,16.863
26-4-2019 20:47:10,0.000
26-4-2019 20:47:10,16.863
26-4-2019 20:47:13,0.000
26-4-2019 20:47:13,16.863
26-4-2019 20:47:15,0.000
26-4-2019 20:47:15,16.863
26-4-2019 20:47:17,0.000
26-4-2019 20:47:17,16.863
26-4-2019 20:47:19,0.000
26-4-2019 20:47:19,16.863
26-4-2019 20:47:22,0.000
26-4-2019 20:47:22,16.863
26-4-2019 20:47:24,0.001
26-4-2019 20:47:24,16.863
26-4-2019 20:47:26,0.000
26-4-2019 20:47:26,16.863
26-4-2019 20:47:29,0.000
26-4-2019 20:47:29,16.863
26-4-2019 20:47:31,0.000
26-4-2019 20:47:31,16.863
26-4-2019 20:47:33,0.000
26-4-2019 20:47:33,16.863
26-4-2019 20:47:35,0.000
26-4-2019 20:47:35,16.863
26-4-2019 20:47:38,0.000
26-4-2019 20:47:38,16.863
26-4-2019 20:47:40,0.000
26-4-2019 20:47:40,16.863
26-4-2019 20:47:42,0.001
26-4-2019 20:47:42,16.863
26-4-2019 20:47:45,0.000
26-4-2019 20:47:45,16.863
26-4-2019 20:47:47,0.000
26-4-2019 20:47:47,16.863
26-4-2019 20:47:49,0.000
26-4-2019 20:47:49,16.863
26-4-2019 20:47:51,0.000
26-4-2019 20:47:51,16.863
26-4-2019 20:47:54,0.000
26-4-2019 20:47:54,16.863
26-4-2019 20:47:56,0.000
26-4-2019 20:47:56,16.863
26-4-2019 20:47:58,0.000
26-4-2019 20:47:58,16.863
26-4-2019 20:48:1,0.000
26-4-2019 20:48:1,16.863
26-4-2019 20:48:3,0.000
26-4-2019 20:48:3,16.863
26-4-2019 20:48:5,0.000
26-4-2019 20:48:5,16.863
26-4-2019 20:48:7,0.000
26-4-2019 20:48:7,16.863
26-4-2019 20:48:10,0.000
26-4-2019 20:48:10,16.863
26-4-2019 20:48:12,0.001
26-4-2019 20:48:12,16.863
26-4-2019 20:48:14,0.000
26-4-2019 20:48:14,16.863
26-4-2019 20:48:17,0.000
26-4-2019 20:48:17,16.863
26-4-2019 20:48:19,0.000
26-4-2019 20:48:19,16.863
26-4-2019 20:48:21,0.001
26-4-2019 20:48:21,16.863
26-4-2019 20:48:23,0.000
26-4-2019 20:48:23,16.863
26-4-2019 20:48:26,0.000
26-4-2019 20:48:26,16.863
26-4-2019 20:48:28,0.000
26-4-2019 20:48:28,16.863
26-4-2019 20:48:30,0.000
26-4-2019 20:48:30,16.863
26-4-2019 20:48:33,0.000
26-4-2019 20:48:33,16.863
26-4-2019 20:48:35,0.000
26-4-2019 20:48:35,16.863
26-4-2019 20:48:37,0.000
26-4-2019 20:48:37,16.863
26-4-2019 20:48:39,0.000
26-4-2019 20:48:39,16.864
26-4-2019 20:48:42,0.000
26-4-2019 20:48:42,16.863
26-4-2019 20:48:44,0.001
26-4-2019 20:48:44,16.863
26-4-2019 20:48:46,0.000
26-4-2019 20:48:46,16.863
26-4-2019 20:48:49,0.000
26-4-2019 20:48:49,16.863
26-4-2019 20:48:51,0.000
26-4-2019 20:48:51,16.863
26-4-2019 20:48:53,0.000
26-4-2019 20:48:53,16.863
26-4-2019 20:48:55,0.000
26-4-2019 20:48:55,16.863
26-4-2019 20:48:58,0.000
26-4-2019 20:48:58,16.863
26-4-2019 20:49:0,0.000
26-4-2019 20:49:0,16.863
26-4-2019 20:49:2,0.000
26-4-2019 20:49:2,16.863
26-4-2019 20:49:5,0.000
26-4-2019 20:49:5,16.863
26-4-2019 20:49:7,0.001
26-4-2019 20:49:7,16.863
26-4-2019 20:49:9,0.000
26-4-2019 20:49:9,16.863
26-4-2019 20:49:11,0.000
26-4-2019 20:49:11,16.864
26-4-2019 20:49:14,0.001
26-4-2019 20:49:14,16.863
26-4-2019 20:49:16,0.000
26-4-2019 20:49:16,16.864
26-4-2019 20:49:18,0.000
26-4-2019 20:49:18,16.864
26-4-2019 20:49:20,0.000
26-4-2019 20:49:20,16.864
26-4-2019 20:49:23,0.000
26-4-2019 20:49:23,16.864
26-4-2019 20:49:25,0.000
26-4-2019 20:49:25,16.864
26-4-2019 20:49:27,0.000
26-4-2019 20:49:27,16.864
26-4-2019 20:49:30,0.000
26-4-2019 20:49:30,16.863
26-4-2019 20:49:32,0.000
26-4-2019 20:49:32,16.863
26-4-2019 20:49:34,0.000
26-4-2019 20:49:34,16.864
26-4-2019 20:49:36,0.000
26-4-2019 20:49:36,16.864
26-4-2019 20:49:39,0.001
26-4-2019 20:49:39,16.863
26-4-2019 20:49:41,0.000
26-4-2019 20:49:41,16.863
26-4-2019 20:49:43,0.000
26-4-2019 20:49:43,16.864
26-4-2019 20:49:46,0.000
26-4-2019 20:49:46,16.863
26-4-2019 20:49:48,0.000
26-4-2019 20:49:48,16.863
26-4-2019 20:49:50,0.000
26-4-2019 20:49:50,16.863
26-4-2019 20:49:52,0.000
26-4-2019 20:49:52,16.863
26-4-2019 20:49:55,0.000
26-4-2019 20:49:55,16.863
26-4-2019 20:49:57,0.000
26-4-2019 20:49:57,16.863
26-4-2019 20:49:59,0.000
26-4-2019 20:49:59,16.864
26-4-2019 20:50:2,0.000
26-4-2019 20:50:2,16.863
26-4-2019 20:50:4,0.000
26-4-2019 20:50:4,16.863
26-4-2019 20:50:6,0.001
26-4-2019 20:50:6,16.863
26-4-2019 20:50:8,0.000
26-4-2019 20:50:8,16.863
26-4-2019 20:50:11,0.000
26-4-2019 20:50:11,16.863
26-4-2019 20:50:13,0.000
26-4-2019 20:50:13,16.863
26-4-2019 20:50:15,0.000
26-4-2019 20:50:15,16.863
26-4-2019 20:50:18,0.000
26-4-2019 20:50:18,16.863
26-4-2019 20:50:20,0.000
26-4-2019 20:50:20,16.863
26-4-2019 20:50:22,0.000
26-4-2019 20:50:22,16.863
26-4-2019 20:50:24,0.000
26-4-2019 20:50:24,16.863
26-4-2019 20:50:27,0.000
26-4-2019 20:50:27,16.863
26-4-2019 20:50:29,0.000
26-4-2019 20:50:29,16.863
26-4-2019 20:50:31,0.000
26-4-2019 20:50:31,16.863
26-4-2019 20:50:34,0.001
26-4-2019 20:50:34,16.863
26-4-2019 20:50:36,0.000
26-4-2019 20:50:36,16.863
26-4-2019 20:50:38,0.001
26-4-2019 20:50:38,16.863
26-4-2019 20:50:40,0.000
26-4-2019 20:50:40,16.863
26-4-2019 20:50:43,0.001
26-4-2019 20:50:43,16.863
26-4-2019 20:50:45,0.000
26-4-2019 20:50:45,16.863
26-4-2019 20:50:47,0.000
26-4-2019 20:50:47,16.864
26-4-2019 20:50:50,0.000
26-4-2019 20:50:50,16.864
26-4-2019 20:50:52,0.000
26-4-2019 20:50:52,16.863
26-4-2019 20:50:54,0.000
26-4-2019 20:50:54,16.863
26-4-2019 20:50:56,0.000
26-4-2019 20:50:56,16.864
26-4-2019 20:50:59,0.000
26-4-2019 20:50:59,16.863
26-4-2019 20:51:1,0.000
26-4-2019 20:51:1,16.863
26-4-2019 20:51:3,0.000
26-4-2019 20:51:3,16.863
26-4-2019 20:51:6,0.000
26-4-2019 20:51:6,16.863
26-4-2019 20:51:8,0.000
26-4-2019 20:51:8,16.863
26-4-2019 20:51:10,0.000
26-4-2019 20:51:10,16.863
26-4-2019 20:51:12,0.001
26-4-2019 20:51:12,16.863
26-4-2019 20:51:15,0.000
26-4-2019 20:51:15,16.863
26-4-2019 20:51:17,0.000
26-4-2019 20:51:17,16.863
26-4-2019 20:51:19,0.000
26-4-2019 20:51:19,16.863
26-4-2019 20:51:22,0.000
26-4-2019 20:51:22,16.863
26-4-2019 20:51:24,0.000
26-4-2019 20:51:24,16.863
26-4-2019 20:51:26,0.000
26-4-2019 20:51:26,16.863
26-4-2019 20:51:28,0.000
26-4-2019 20:51:28,16.863
26-4-2019 20:51:31,0.001
26-4-2019 20:51:31,16.863
26-4-2019 20:51:33,0.000
26-4-2019 20:51:33,16.863
26-4-2019 20:51:35,0.000
26-4-2019 20:51:35,16.863
26-4-2019 20:51:38,0.000
26-4-2019 20:51:38,16.863
26-4-2019 20:51:40,0.000
26-4-2019 20:51:40,16.863
26-4-2019 20:51:42,0.000
26-4-2019 20:51:42,16.864
26-4-2019 20:51:44,0.000
26-4-2019 20:51:44,16.864
26-4-2019 20:51:47,0.000
26-4-2019 20:51:47,16.863
26-4-2019 20:51:49,0.001
26-4-2019 20:51:49,16.863
26-4-2019 20:51:51,0.000
26-4-2019 20:51:51,16.863
26-4-2019 20:51:54,0.000
26-4-2019 20:51:54,16.863
26-4-2019 20:51:56,0.000
26-4-2019 20:51:56,16.863
26-4-2019 20:51:58,0.001
26-4-2019 20:51:58,16.864
26-4-2019 20:52:0,0.000
26-4-2019 20:52:0,16.864
26-4-2019 20:52:3,0.000
26-4-2019 20:52:3,16.864
26-4-2019 20:52:5,0.000
26-4-2019 20:52:5,16.864
26-4-2019 20:52:7,0.001
26-4-2019 20:52:7,16.863
26-4-2019 20:52:10,0.000
26-4-2019 20:52:10,16.864
26-4-2019 20:52:12,0.000
26-4-2019 20:52:12,16.864
26-4-2019 20:52:14,0.000
26-4-2019 20:52:14,16.864
26-4-2019 20:52:16,0.001
26-4-2019 20:52:16,16.864
26-4-2019 20:52:19,0.000
26-4-2019 20:52:19,16.864
26-4-2019 20:52:21,0.000
26-4-2019 20:52:21,16.864
26-4-2019 20:52:23,0.001
26-4-2019 20:52:23,16.864
26-4-2019 20:52:26,0.000
26-4-2019 20:52:26,16.865
26-4-2019 20:52:28,0.000
26-4-2019 20:52:28,16.864
26-4-2019 20:52:30,0.000
26-4-2019 20:52:30,16.864
26-4-2019 20:52:32,0.000
26-4-2019 20:52:32,16.864
26-4-2019 20:52:35,0.000
26-4-2019 20:52:35,16.864
26-4-2019 20:52:37,0.000
26-4-2019 20:52:37,16.864
26-4-2019 20:52:39,0.000
26-4-2019 20:52:39,16.864
26-4-2019 20:52:42,0.000
26-4-2019 20:52:42,16.864
26-4-2019 20:52:44,0.001
26-4-2019 20:52:44,16.864
26-4-2019 20:52:46,0.000
26-4-2019 20:52:46,16.864
26-4-2019 20:52:48,0.000
26-4-2019 20:52:48,16.864
26-4-2019 20:52:51,0.000
26-4-2019 20:52:51,16.864
26-4-2019 20:52:53,0.001
26-4-2019 20:52:53,16.864
26-4-2019 20:52:55,0.000
26-4-2019 20:52:55,16.864
26-4-2019 20:52:58,0.000
26-4-2019 20:52:58,16.864
26-4-2019 20:53:0,0.000
26-4-2019 20:53:0,16.864
26-4-2019 20:53:2,0.001
26-4-2019 20:53:2,16.865
26-4-2019 20:53:4,0.000
26-4-2019 20:53:4,16.865
26-4-2019 20:53:7,0.000
26-4-2019 20:53:7,16.864
26-4-2019 20:53:9,0.000
26-4-2019 20:53:9,16.864
26-4-2019 20:53:11,0.000
26-4-2019 20:53:11,16.864
26-4-2019 20:53:13,0.000
26-4-2019 20:53:13,16.864
26-4-2019 20:53:16,0.000
26-4-2019 20:53:16,16.864
26-4-2019 20:53:18,0.000
26-4-2019 20:53:18,16.864
26-4-2019 20:53:20,0.001
26-4-2019 20:53:20,16.864
26-4-2019 20:53:23,0.000
26-4-2019 20:53:23,16.864
26-4-2019 20:53:25,0.000
26-4-2019 20:53:25,16.864
26-4-2019 20:53:27,0.000
26-4-2019 20:53:27,16.864
26-4-2019 20:53:29,0.001
26-4-2019 20:53:29,16.864
26-4-2019 20:53:32,0.000
26-4-2019 20:53:32,16.864
26-4-2019 20:53:34,0.000
26-4-2019 20:53:34,16.864
26-4-2019 20:53:36,0.000
26-4-2019 20:53:36,16.865
26-4-2019 20:53:39,0.000
26-4-2019 20:53:39,16.864
26-4-2019 20:53:41,0.000
26-4-2019 20:53:41,16.864
26-4-2019 20:53:43,0.000
26-4-2019 20:53:43,16.865
26-4-2019 20:53:45,0.000
26-4-2019 20:53:45,16.865
26-4-2019 20:53:48,0.001
26-4-2019 20:53:48,16.864
26-4-2019 20:53:50,0.000
26-4-2019 20:53:50,16.865
26-4-2019 20:53:52,0.000
26-4-2019 20:53:52,16.864
26-4-2019 20:53:55,0.000
26-4-2019 20:53:55,16.864
26-4-2019 20:53:57,0.001
26-4-2019 20:53:57,16.865
26-4-2019 20:53:59,0.000
26-4-2019 20:53:59,16.865
26-4-2019 20:54:1,0.000
26-4-2019 20:54:1,16.865
26-4-2019 20:54:4,0.000
26-4-2019 20:54:4,16.865
26-4-2019 20:54:6,0.000
26-4-2019 20:54:6,16.865
26-4-2019 20:54:8,0.000
26-4-2019 20:54:8,16.865
26-4-2019 20:54:11,0.000
26-4-2019 20:54:11,16.865
26-4-2019 20:54:13,0.000
26-4-2019 20:54:13,16.865
26-4-2019 20:54:15,0.001
26-4-2019 20:54:15,16.865
26-4-2019 20:54:17,0.000
26-4-2019 20:54:17,16.864
26-4-2019 20:54:20,0.000
26-4-2019 20:54:20,16.864
26-4-2019 20:54:22,0.000
26-4-2019 20:54:22,16.864
26-4-2019 20:54:24,0.001
26-4-2019 20:54:24,16.864
26-4-2019 20:54:27,0.000
26-4-2019 20:54:27,16.865
26-4-2019 20:54:29,0.000
26-4-2019 20:54:29,16.865
26-4-2019 20:54:31,0.000
26-4-2019 20:54:31,16.865
26-4-2019 20:54:33,0.000
26-4-2019 20:54:33,16.865
26-4-2019 20:54:36,0.000
26-4-2019 20:54:36,16.865
26-4-2019 20:54:38,0.000
26-4-2019 20:54:38,16.865
26-4-2019 20:54:40,0.000
26-4-2019 20:54:40,16.865
26-4-2019 20:54:43,0.001
26-4-2019 20:54:43,16.865
26-4-2019 20:54:45,0.000
26-4-2019 20:54:45,16.865
26-4-2019 20:54:47,0.000
26-4-2019 20:54:47,16.865
26-4-2019 20:54:49,0.000
26-4-2019 20:54:49,16.865
26-4-2019 20:54:52,0.000
26-4-2019 20:54:52,16.865
26-4-2019 20:54:54,0.000
26-4-2019 20:54:54,16.865
26-4-2019 20:54:56,0.000
26-4-2019 20:54:56,16.865
26-4-2019 20:54:59,0.000
26-4-2019 20:54:59,16.865
26-4-2019 20:55:1,0.001
26-4-2019 20:55:1,16.865
26-4-2019 20:55:3,0.000
26-4-2019 20:55:3,16.865
26-4-2019 20:55:5,0.000
26-4-2019 20:55:5,16.865
26-4-2019 20:55:8,0.000
26-4-2019 20:55:8,16.865
26-4-2019 20:55:10,0.000
26-4-2019 20:55:10,16.865
26-4-2019 20:55:12,0.000
26-4-2019 20:55:12,16.865
26-4-2019 20:55:15,0.000
26-4-2019 20:55:15,16.865
26-4-2019 20:55:17,0.000
26-4-2019 20:55:17,16.865
26-4-2019 20:55:19,0.001
26-4-2019 20:55:19,16.865
26-4-2019 20:55:21,0.000
26-4-2019 20:55:21,16.865
26-4-2019 20:55:24,0.000
26-4-2019 20:55:24,16.865
26-4-2019 20:55:26,0.000
26-4-2019 20:55:26,16.865
26-4-2019 20:55:28,0.001
26-4-2019 20:55:28,16.865
26-4-2019 20:55:31,0.000
26-4-2019 20:55:31,16.865
26-4-2019 20:55:33,0.000
26-4-2019 20:55:33,16.865
26-4-2019 20:55:35,0.000
26-4-2019 20:55:35,16.865
26-4-2019 20:55:37,0.000
26-4-2019 20:55:37,16.865
26-4-2019 20:55:40,0.000
26-4-2019 20:55:40,16.865
26-4-2019 20:55:42,0.000
26-4-2019 20:55:42,16.865
26-4-2019 20:55:44,0.000
26-4-2019 20:55:44,16.864
26-4-2019 20:55:47,0.000
26-4-2019 20:55:47,16.865
26-4-2019 20:55:49,0.001
26-4-2019 20:55:49,16.864
26-4-2019 20:55:51,0.000
26-4-2019 20:55:51,16.865
26-4-2019 20:55:53,0.000
26-4-2019 20:55:53,16.864
26-4-2019 20:55:56,0.000
26-4-2019 20:55:56,16.865
26-4-2019 20:55:58,0.000
26-4-2019 20:55:58,16.865
26-4-2019 20:56:0,0.000
26-4-2019 20:56:0,16.865
26-4-2019 20:56:2,0.000
26-4-2019 20:56:2,16.865
26-4-2019 20:56:5,0.000
26-4-2019 20:56:5,16.864
26-4-2019 20:56:7,0.001
26-4-2019 20:56:7,16.865
26-4-2019 20:56:9,0.000
26-4-2019 20:56:9,16.864
26-4-2019 20:56:12,0.000
26-4-2019 20:56:12,16.864
26-4-2019 20:56:14,0.000
26-4-2019 20:56:14,16.864
26-4-2019 20:56:16,0.000
26-4-2019 20:56:16,16.865
26-4-2019 20:56:18,0.000
26-4-2019 20:56:18,16.865
26-4-2019 20:56:21,0.000
26-4-2019 20:56:21,16.865
26-4-2019 20:56:23,0.000
26-4-2019 20:56:23,16.865
26-4-2019 20:56:25,0.001
26-4-2019 20:56:25,16.865
26-4-2019 20:56:28,0.000
26-4-2019 20:56:28,16.865
26-4-2019 20:56:30,0.000
26-4-2019 20:56:30,16.865
26-4-2019 20:56:32,0.001
26-4-2019 20:56:32,16.865
26-4-2019 20:56:34,0.000
26-4-2019 20:56:34,16.865
26-4-2019 20:56:37,0.000
26-4-2019 20:56:37,16.865
26-4-2019 20:56:39,0.000
26-4-2019 20:56:39,16.865
26-4-2019 20:56:41,0.000
26-4-2019 20:56:41,16.865
26-4-2019 20:56:44,0.001
26-4-2019 20:56:44,16.865
26-4-2019 20:56:46,0.000
26-4-2019 20:56:46,16.865
26-4-2019 20:56:48,0.001
26-4-2019 20:56:48,16.865
26-4-2019 20:56:50,0.000
26-4-2019 20:56:50,16.865
26-4-2019 20:56:53,0.000
26-4-2019 20:56:53,16.865
26-4-2019 20:56:55,0.000
26-4-2019 20:56:55,16.865
26-4-2019 20:56:57,0.000
26-4-2019 20:56:57,16.865
26-4-2019 20:57:0,0.000
26-4-2019 20:57:0,16.865
26-4-2019 20:57:2,0.001
26-4-2019 20:57:2,16.865
26-4-2019 20:57:4,0.000
26-4-2019 20:57:4,16.865
26-4-2019 20:57:6,0.001
26-4-2019 20:57:6,16.865
26-4-2019 20:57:9,0.000
26-4-2019 20:57:9,16.865
26-4-2019 20:57:11,0.000
26-4-2019 20:57:11,16.865
26-4-2019 20:57:13,0.000
26-4-2019 20:57:13,16.865
26-4-2019 20:57:16,0.000
26-4-2019 20:57:16,16.865
26-4-2019 20:57:18,0.001
26-4-2019 20:57:18,16.865
26-4-2019 20:57:20,0.000
26-4-2019 20:57:20,16.865
26-4-2019 20:57:22,0.000
26-4-2019 20:57:22,16.865
26-4-2019 20:57:25,0.000
26-4-2019 20:57:25,16.864
26-4-2019 20:57:27,0.000
26-4-2019 20:57:27,16.863
26-4-2019 20:57:29,0.000
26-4-2019 20:57:29,16.863
26-4-2019 20:57:32,0.000
26-4-2019 20:57:32,16.865
26-4-2019 20:57:34,0.000
26-4-2019 20:57:34,16.864
26-4-2019 20:57:36,0.000
26-4-2019 20:57:36,16.865
26-4-2019 20:57:38,0.000
26-4-2019 20:57:38,16.865
26-4-2019 20:57:41,0.000
26-4-2019 20:57:41,16.865
26-4-2019 20:57:43,0.000
26-4-2019 20:57:43,16.864
26-4-2019 20:57:45,0.000
26-4-2019 20:57:45,16.865
26-4-2019 20:57:48,0.000
26-4-2019 20:57:48,16.865
26-4-2019 20:57:50,0.000
26-4-2019 20:57:50,16.865
26-4-2019 20:57:52,0.000
26-4-2019 20:57:52,16.865
26-4-2019 20:57:54,0.000
26-4-2019 20:57:54,16.865
26-4-2019 20:57:57,0.000
26-4-2019 20:57:57,16.865
26-4-2019 20:57:59,0.000
26-4-2019 20:57:59,16.865
26-4-2019 20:58:1,0.000
26-4-2019 20:58:1,16.865
26-4-2019 20:58:4,0.001
26-4-2019 20:58:4,16.865
26-4-2019 20:58:6,0.000
26-4-2019 20:58:6,16.865
26-4-2019 20:58:8,0.000
26-4-2019 20:58:8,16.865
26-4-2019 20:58:10,0.000
26-4-2019 20:58:10,16.865
26-4-2019 20:58:13,0.001
26-4-2019 20:58:13,16.865
26-4-2019 20:58:15,0.000
26-4-2019 20:58:15,16.865
26-4-2019 20:58:17,0.000
26-4-2019 20:58:17,16.865
26-4-2019 20:58:20,0.000
26-4-2019 20:58:20,16.865
26-4-2019 20:58:22,0.000
26-4-2019 20:58:22,16.865
26-4-2019 20:58:24,0.000
26-4-2019 20:58:24,16.865
26-4-2019 20:58:26,0.000
26-4-2019 20:58:26,16.865
26-4-2019 20:58:29,0.000
26-4-2019 20:58:29,16.865
26-4-2019 20:58:31,0.000
26-4-2019 20:58:31,16.865
